date,window_start,true_label,pred_label,confidence,n_retrieved,method
2008/1/7,2007/10/8,bear,bull,1,5,feature_knn_balanced_alpha1.0
2008/1/14,2007/10/15,bear,bear,0.9997,6,feature_knn_balanced_alpha1.0
2008/1/22,2007/10/22,bull,bear,0.9977,7,feature_knn_balanced_alpha1.0
2008/1/29,2007/10/29,bear,bear,0.9962,7,feature_knn_balanced_alpha1.0
2008/2/5,2007/11/5,bear,bear,0.9975,8,feature_knn_balanced_alpha1.0
2008/2/12,2007/11/12,bear,bear,0.9976,9,feature_knn_balanced_alpha1.0
2008/2/20,2007/11/19,bear,bear,0.9829,10,feature_knn_balanced_alpha1.0
2008/2/27,2007/11/27,bear,bear,0.9899,10,feature_knn_balanced_alpha1.0
2008/3/5,2007/12/4,bear,bear,0.9966,10,feature_knn_balanced_alpha1.0
2008/3/12,2007/12/11,bear,bear,0.9976,10,feature_knn_balanced_alpha1.0
2008/3/19,2007/12/18,bear,bear,0.9979,10,feature_knn_balanced_alpha1.0
2008/3/27,2007/12/26,bear,bear,0.9985,10,feature_knn_balanced_alpha1.0
2008/4/3,2008/1/3,bear,bear,0.9863,10,feature_knn_balanced_alpha1.0
2008/4/10,2008/1/10,bear,bear,0.9899,10,feature_knn_balanced_alpha1.0
2008/4/17,2008/1/17,bull,bear,0.9839,10,feature_knn_balanced_alpha1.0
2008/4/24,2008/1/25,bull,bear,0.9446,10,feature_knn_balanced_alpha1.0
2008/5/1,2008/2/1,bull,bear,0.8875,10,feature_knn_balanced_alpha1.0
2008/5/8,2008/2/8,bull,bear,0.8013,10,feature_knn_balanced_alpha1.0
2008/5/15,2008/2/15,bull,bear,0.6616,10,feature_knn_balanced_alpha1.0
2008/5/22,2008/2/25,bull,bear,0.7844,10,feature_knn_balanced_alpha1.0
2008/5/30,2008/3/3,bull,bear,0.5843,10,feature_knn_balanced_alpha1.0
2008/6/6,2008/3/10,bull,bear,0.7705,10,feature_knn_balanced_alpha1.0
2008/6/13,2008/3/17,bull,bear,0.6771,10,feature_knn_balanced_alpha1.0
2008/6/20,2008/3/25,bear,bear,0.9108,10,feature_knn_balanced_alpha1.0
2008/6/27,2008/4/1,bear,bear,0.9835,10,feature_knn_balanced_alpha1.0
2008/7/7,2008/4/8,bear,bear,0.9937,10,feature_knn_balanced_alpha1.0
2008/7/14,2008/4/15,bear,bear,0.9951,10,feature_knn_balanced_alpha1.0
2008/7/21,2008/4/22,bear,bear,0.9964,10,feature_knn_balanced_alpha1.0
2008/7/28,2008/4/29,bear,bear,0.9985,10,feature_knn_balanced_alpha1.0
2008/8/4,2008/5/6,bear,bear,0.9983,10,feature_knn_balanced_alpha1.0
2008/8/11,2008/5/13,bear,bear,0.979,10,feature_knn_balanced_alpha1.0
2008/8/18,2008/5/20,bear,bear,0.9957,10,feature_knn_balanced_alpha1.0
2008/8/25,2008/5/28,bear,bear,0.996,10,feature_knn_balanced_alpha1.0
2008/9/2,2008/6/4,bear,bear,0.9964,10,feature_knn_balanced_alpha1.0
2008/9/9,2008/6/11,bear,bear,0.9933,10,feature_knn_balanced_alpha1.0
2008/9/16,2008/6/18,bear,bear,0.9939,10,feature_knn_balanced_alpha1.0
2008/9/23,2008/6/25,bear,bear,0.9948,10,feature_knn_balanced_alpha1.0
2008/9/30,2008/7/2,bear,bear,0.9982,10,feature_knn_balanced_alpha1.0
2008/10/7,2008/7/10,bear,bear,0.9997,10,feature_knn_balanced_alpha1.0
2008/10/14,2008/7/17,bear,bear,1,10,feature_knn_balanced_alpha1.0
2008/10/21,2008/7/24,bear,bear,1,10,feature_knn_balanced_alpha1.0
2008/10/28,2008/7/31,bear,bear,1,10,feature_knn_balanced_alpha1.0
2008/11/4,2008/8/7,bear,bear,1,10,feature_knn_balanced_alpha1.0
2008/11/11,2008/8/14,bear,bear,1,10,feature_knn_balanced_alpha1.0
2008/11/18,2008/8/21,bear,bear,1,10,feature_knn_balanced_alpha1.0
2008/11/25,2008/8/28,bear,bear,1,10,feature_knn_balanced_alpha1.0
2008/12/3,2008/9/5,bear,bear,1,10,feature_knn_balanced_alpha1.0
2008/12/10,2008/9/12,bear,bear,1,10,feature_knn_balanced_alpha1.0
2008/12/17,2008/9/19,bear,bear,1,10,feature_knn_balanced_alpha1.0
2008/12/24,2008/9/26,bear,bear,1,10,feature_knn_balanced_alpha1.0
2009/1/2,2008/10/3,bear,bear,1,10,feature_knn_balanced_alpha1.0
2009/1/9,2008/10/10,bear,bear,1,10,feature_knn_balanced_alpha1.0
2009/1/16,2008/10/17,bear,bear,1,10,feature_knn_balanced_alpha1.0
2009/1/26,2008/10/24,bear,bear,1,10,feature_knn_balanced_alpha1.0
2009/2/2,2008/10/31,bear,bear,1,10,feature_knn_balanced_alpha1.0
2009/2/9,2008/11/7,bear,bear,1,10,feature_knn_balanced_alpha1.0
2009/2/17,2008/11/14,bear,bear,1,10,feature_knn_balanced_alpha1.0
2009/2/24,2008/11/21,bear,bear,1,10,feature_knn_balanced_alpha1.0
2009/3/3,2008/12/1,bear,bear,1,10,feature_knn_balanced_alpha1.0
2009/3/10,2008/12/8,bear,bear,1,10,feature_knn_balanced_alpha1.0
2009/3/17,2008/12/15,bear,bear,1,10,feature_knn_balanced_alpha1.0
2009/3/24,2008/12/22,bear,bear,1,10,feature_knn_balanced_alpha1.0
2009/3/31,2008/12/30,bear,bear,1,10,feature_knn_balanced_alpha1.0
2009/4/7,2009/1/7,bear,bear,1,10,feature_knn_balanced_alpha1.0
2009/4/15,2009/1/14,bear,bear,1,10,feature_knn_balanced_alpha1.0
2009/4/22,2009/1/22,bear,bear,1,10,feature_knn_balanced_alpha1.0
2009/4/29,2009/1/29,bear,bear,1,10,feature_knn_balanced_alpha1.0
2009/5/6,2009/2/5,bear,bear,1,10,feature_knn_balanced_alpha1.0
2009/5/13,2009/2/12,bear,bear,1,10,feature_knn_balanced_alpha1.0
2009/5/20,2009/2/20,bear,bear,0.9997,10,feature_knn_balanced_alpha1.0
2009/5/28,2009/2/27,bear,bear,0.9989,10,feature_knn_balanced_alpha1.0
2009/6/4,2009/3/6,bear,bear,0.9954,10,feature_knn_balanced_alpha1.0
2009/6/11,2009/3/13,bear,bear,0.9954,10,feature_knn_balanced_alpha1.0
2009/6/18,2009/3/20,bear,bear,0.997,10,feature_knn_balanced_alpha1.0
2009/6/25,2009/3/27,bear,bear,0.988,10,feature_knn_balanced_alpha1.0
2009/7/2,2009/4/3,bull,bear,0.9933,10,feature_knn_balanced_alpha1.0
2009/7/10,2009/4/13,bull,bear,0.9598,10,feature_knn_balanced_alpha1.0
2009/7/17,2009/4/20,bull,bear,0.9253,10,feature_knn_balanced_alpha1.0
2009/7/24,2009/4/27,bull,bear,0.7411,10,feature_knn_balanced_alpha1.0
2009/7/31,2009/5/4,bull,bull,0.507,10,feature_knn_balanced_alpha1.0
2009/8/7,2009/5/11,bull,bull,0.7072,10,feature_knn_balanced_alpha1.0
2009/8/14,2009/5/18,bull,bull,0.7625,10,feature_knn_balanced_alpha1.0
2009/8/21,2009/5/26,bull,bull,0.8545,10,feature_knn_balanced_alpha1.0
2009/8/28,2009/6/2,bull,bull,0.8559,10,feature_knn_balanced_alpha1.0
2009/9/4,2009/6/9,bull,bull,0.8046,10,feature_knn_balanced_alpha1.0
2009/9/14,2009/6/16,bull,bull,0.9446,10,feature_knn_balanced_alpha1.0
2009/9/21,2009/6/23,bull,bull,0.9614,10,feature_knn_balanced_alpha1.0
2009/9/28,2009/6/30,bull,bull,0.9535,10,feature_knn_balanced_alpha1.0
2009/10/5,2009/7/8,bull,bull,0.9869,10,feature_knn_balanced_alpha1.0
2009/10/12,2009/7/15,bull,bull,0.9941,10,feature_knn_balanced_alpha1.0
2009/10/19,2009/7/22,bull,bull,0.9963,10,feature_knn_balanced_alpha1.0
2009/10/26,2009/7/29,bull,bull,0.9754,10,feature_knn_balanced_alpha1.0
2009/11/2,2009/8/5,bull,bull,0.8238,10,feature_knn_balanced_alpha1.0
2009/11/9,2009/8/12,bull,bull,0.9807,10,feature_knn_balanced_alpha1.0
2009/11/16,2009/8/19,bull,bull,0.9949,10,feature_knn_balanced_alpha1.0
2009/11/23,2009/8/26,bull,bull,0.9883,10,feature_knn_balanced_alpha1.0
2009/12/1,2009/9/2,bull,bull,0.9913,10,feature_knn_balanced_alpha1.0
2009/12/8,2009/9/10,bull,bull,0.9772,10,feature_knn_balanced_alpha1.0
2009/12/15,2009/9/17,bull,bull,0.9847,10,feature_knn_balanced_alpha1.0
2009/12/22,2009/9/24,bull,bull,0.9927,10,feature_knn_balanced_alpha1.0
2009/12/30,2009/10/1,bull,bull,0.9955,10,feature_knn_balanced_alpha1.0
2010/1/7,2009/10/8,bull,bull,0.9944,10,feature_knn_balanced_alpha1.0
2010/1/14,2009/10/15,bull,bull,0.9959,10,feature_knn_balanced_alpha1.0
2010/1/22,2009/10/22,bull,bull,0.9212,10,feature_knn_balanced_alpha1.0
2010/1/29,2009/10/29,bull,bull,0.9044,10,feature_knn_balanced_alpha1.0
2010/2/5,2009/11/5,bull,bull,0.892,10,feature_knn_balanced_alpha1.0
2010/2/12,2009/11/12,bull,bull,0.921,10,feature_knn_balanced_alpha1.0
2010/2/22,2009/11/19,bull,bull,0.9058,10,feature_knn_balanced_alpha1.0
2010/3/1,2009/11/27,bull,bull,0.9629,10,feature_knn_balanced_alpha1.0
2010/3/8,2009/12/4,bull,bull,0.9878,10,feature_knn_balanced_alpha1.0
2010/3/15,2009/12/11,bull,bull,0.9946,10,feature_knn_balanced_alpha1.0
2010/3/22,2009/12/18,bull,bull,0.9964,10,feature_knn_balanced_alpha1.0
2010/3/29,2009/12/28,bull,bull,0.9965,10,feature_knn_balanced_alpha1.0
2010/4/6,2010/1/5,bull,bull,0.9975,10,feature_knn_balanced_alpha1.0
2010/4/13,2010/1/12,bull,bull,0.9983,10,feature_knn_balanced_alpha1.0
2010/4/20,2010/1/20,bull,bull,0.998,10,feature_knn_balanced_alpha1.0
2010/4/27,2010/1/27,bull,bull,0.9866,10,feature_knn_balanced_alpha1.0
2010/5/4,2010/2/3,bull,bull,0.983,10,feature_knn_balanced_alpha1.0
2010/5/11,2010/2/10,bull,bull,0.9277,10,feature_knn_balanced_alpha1.0
2010/5/18,2010/2/18,high_vol,bull,0.8171,10,feature_knn_balanced_alpha1.0
2010/5/25,2010/2/25,high_vol,high_vol,0.9849,11,feature_knn_balanced_alpha1.0
2010/6/2,2010/3/4,high_vol,high_vol,0.9828,12,feature_knn_balanced_alpha1.0
2010/6/9,2010/3/11,high_vol,high_vol,0.8127,13,feature_knn_balanced_alpha1.0
2010/6/16,2010/3/18,bull,high_vol,0.6769,14,feature_knn_balanced_alpha1.0
2010/6/23,2010/3/25,bull,bear,0.6415,14,feature_knn_balanced_alpha1.0
2010/6/30,2010/4/1,bull,high_vol,0.7201,14,feature_knn_balanced_alpha1.0
2010/7/8,2010/4/9,bull,bear,0.6695,14,feature_knn_balanced_alpha1.0
2010/7/15,2010/4/16,bull,high_vol,0.5419,14,feature_knn_balanced_alpha1.0
2010/7/22,2010/4/23,bull,high_vol,0.384,14,feature_knn_balanced_alpha1.0
2010/7/29,2010/4/30,bull,bear,0.6172,14,feature_knn_balanced_alpha1.0
2010/8/5,2010/5/7,bull,high_vol,0.4304,14,feature_knn_balanced_alpha1.0
2010/8/12,2010/5/14,bull,high_vol,0.673,14,feature_knn_balanced_alpha1.0
2010/8/19,2010/5/21,bull,high_vol,0.7079,14,feature_knn_balanced_alpha1.0
2010/8/26,2010/5/28,bull,high_vol,0.7061,14,feature_knn_balanced_alpha1.0
2010/9/2,2010/6/7,bull,high_vol,0.6153,14,feature_knn_balanced_alpha1.0
2010/9/10,2010/6/14,bull,high_vol,0.4306,14,feature_knn_balanced_alpha1.0
2010/9/17,2010/6/21,bull,bull,0.6603,14,feature_knn_balanced_alpha1.0
2010/9/24,2010/6/28,bull,bull,0.8574,14,feature_knn_balanced_alpha1.0
2010/10/1,2010/7/6,bull,bull,0.8404,14,feature_knn_balanced_alpha1.0
2010/10/8,2010/7/13,bull,bull,0.8954,14,feature_knn_balanced_alpha1.0
2010/10/15,2010/7/20,bull,bull,0.9576,14,feature_knn_balanced_alpha1.0
2010/10/22,2010/7/27,bull,bull,0.9622,14,feature_knn_balanced_alpha1.0
2010/10/29,2010/8/3,bull,bull,0.9709,14,feature_knn_balanced_alpha1.0
2010/11/5,2010/8/10,bull,bull,0.9913,14,feature_knn_balanced_alpha1.0
2010/11/12,2010/8/17,bull,bull,0.9551,14,feature_knn_balanced_alpha1.0
2010/11/19,2010/8/24,bull,bull,0.9816,14,feature_knn_balanced_alpha1.0
2010/11/29,2010/8/31,bull,bull,0.969,14,feature_knn_balanced_alpha1.0
2010/12/6,2010/9/8,bull,bull,0.9837,14,feature_knn_balanced_alpha1.0
2010/12/13,2010/9/15,bull,bull,0.9881,14,feature_knn_balanced_alpha1.0
2010/12/20,2010/9/22,bull,bull,0.9924,14,feature_knn_balanced_alpha1.0
2010/12/28,2010/9/29,bull,bull,0.9964,14,feature_knn_balanced_alpha1.0
2011/1/4,2010/10/6,bull,bull,0.9956,14,feature_knn_balanced_alpha1.0
2011/1/11,2010/10/13,bull,bull,0.9959,14,feature_knn_balanced_alpha1.0
2011/1/19,2010/10/20,bull,bull,0.9954,14,feature_knn_balanced_alpha1.0
2011/1/26,2010/10/27,bull,bull,0.9982,14,feature_knn_balanced_alpha1.0
2011/2/2,2010/11/3,bull,bull,0.9955,14,feature_knn_balanced_alpha1.0
2011/2/9,2010/11/10,bull,bull,0.9965,14,feature_knn_balanced_alpha1.0
2011/2/16,2010/11/17,bull,bull,0.9977,14,feature_knn_balanced_alpha1.0
2011/2/24,2010/11/24,bull,bull,0.9584,14,feature_knn_balanced_alpha1.0
2011/3/3,2010/12/2,bull,bull,0.9927,14,feature_knn_balanced_alpha1.0
2011/3/10,2010/12/9,bull,bull,0.9024,14,feature_knn_balanced_alpha1.0
2011/3/17,2010/12/16,bull,high_vol,0.5324,14,feature_knn_balanced_alpha1.0
2011/3/24,2010/12/23,bull,bull,0.9206,14,feature_knn_balanced_alpha1.0
2011/3/31,2010/12/31,bull,bull,0.9582,14,feature_knn_balanced_alpha1.0
2011/4/7,2011/1/7,bull,bull,0.987,14,feature_knn_balanced_alpha1.0
2011/4/14,2011/1/14,bull,bull,0.9793,14,feature_knn_balanced_alpha1.0
2011/4/21,2011/1/24,bull,bull,0.9895,14,feature_knn_balanced_alpha1.0
2011/4/29,2011/1/31,bull,bull,0.9936,14,feature_knn_balanced_alpha1.0
2011/5/6,2011/2/7,bull,bull,0.9388,14,feature_knn_balanced_alpha1.0
2011/5/13,2011/2/14,bull,bull,0.9563,14,feature_knn_balanced_alpha1.0
2011/5/20,2011/2/22,bull,bull,0.9559,14,feature_knn_balanced_alpha1.0
2011/5/27,2011/3/1,bull,bull,0.9723,14,feature_knn_balanced_alpha1.0
2011/6/6,2011/3/8,bull,bull,0.7829,14,feature_knn_balanced_alpha1.0
2011/6/13,2011/3/15,bull,bull,0.7372,14,feature_knn_balanced_alpha1.0
2011/6/20,2011/3/22,bull,bull,0.788,14,feature_knn_balanced_alpha1.0
2011/6/27,2011/3/29,bull,bull,0.7319,14,feature_knn_balanced_alpha1.0
2011/7/5,2011/4/5,bull,bull,0.9631,14,feature_knn_balanced_alpha1.0
2011/7/12,2011/4/12,bull,bull,0.8837,14,feature_knn_balanced_alpha1.0
2011/7/19,2011/4/19,bull,bull,0.9533,14,feature_knn_balanced_alpha1.0
2011/7/26,2011/4/27,bull,bull,0.9592,14,feature_knn_balanced_alpha1.0
2011/8/2,2011/5/4,bull,high_vol,0.8443,14,feature_knn_balanced_alpha1.0
2011/8/9,2011/5/11,high_vol,high_vol,0.9581,14,feature_knn_balanced_alpha1.0
2011/8/16,2011/5/18,high_vol,high_vol,0.9783,15,feature_knn_balanced_alpha1.0
2011/8/23,2011/5/25,high_vol,high_vol,0.9903,15,feature_knn_balanced_alpha1.0
2011/8/30,2011/6/2,high_vol,high_vol,0.9937,15,feature_knn_balanced_alpha1.0
2011/9/7,2011/6/9,high_vol,high_vol,0.9176,15,feature_knn_balanced_alpha1.0
2011/9/14,2011/6/16,high_vol,high_vol,0.9641,15,feature_knn_balanced_alpha1.0
2011/9/21,2011/6/23,high_vol,high_vol,0.9752,15,feature_knn_balanced_alpha1.0
2011/9/28,2011/6/30,high_vol,high_vol,0.9879,15,feature_knn_balanced_alpha1.0
2011/10/5,2011/7/8,high_vol,high_vol,0.9955,15,feature_knn_balanced_alpha1.0
2011/10/12,2011/7/15,high_vol,high_vol,0.9866,15,feature_knn_balanced_alpha1.0
2011/10/19,2011/7/22,high_vol,high_vol,0.9961,15,feature_knn_balanced_alpha1.0
2011/10/26,2011/7/29,bull,high_vol,0.9524,15,feature_knn_balanced_alpha1.0
2011/11/2,2011/8/5,high_vol,high_vol,0.9427,15,feature_knn_balanced_alpha1.0
2011/11/9,2011/8/12,high_vol,high_vol,0.9542,15,feature_knn_balanced_alpha1.0
2011/11/16,2011/8/19,high_vol,high_vol,0.9664,15,feature_knn_balanced_alpha1.0
2011/11/23,2011/8/26,high_vol,high_vol,0.9397,15,feature_knn_balanced_alpha1.0
2011/12/1,2011/9/2,bull,high_vol,0.9537,15,feature_knn_balanced_alpha1.0
2011/12/8,2011/9/12,high_vol,high_vol,0.925,15,feature_knn_balanced_alpha1.0
2011/12/15,2011/9/19,bull,high_vol,0.8953,15,feature_knn_balanced_alpha1.0
2011/12/22,2011/9/26,bull,high_vol,0.6901,15,feature_knn_balanced_alpha1.0
2011/12/30,2011/10/3,bull,high_vol,0.7516,15,feature_knn_balanced_alpha1.0
2012/1/9,2011/10/10,bull,bull,0.6535,15,feature_knn_balanced_alpha1.0
2012/1/17,2011/10/17,bull,bull,0.7675,15,feature_knn_balanced_alpha1.0
2012/1/24,2011/10/24,bull,bull,0.9221,15,feature_knn_balanced_alpha1.0
2012/1/31,2011/10/31,bull,bull,0.9628,15,feature_knn_balanced_alpha1.0
2012/2/7,2011/11/7,bull,bull,0.986,15,feature_knn_balanced_alpha1.0
2012/2/14,2011/11/14,bull,bull,0.99,15,feature_knn_balanced_alpha1.0
2012/2/22,2011/11/21,bull,bull,0.9895,15,feature_knn_balanced_alpha1.0
2012/2/29,2011/11/29,bull,bull,0.9951,15,feature_knn_balanced_alpha1.0
2012/3/7,2011/12/6,bull,bull,0.9854,15,feature_knn_balanced_alpha1.0
2012/3/14,2011/12/13,bull,bull,0.9969,15,feature_knn_balanced_alpha1.0
2012/3/21,2011/12/20,bull,bull,0.9981,15,feature_knn_balanced_alpha1.0
2012/3/28,2011/12/28,bull,bull,0.9986,15,feature_knn_balanced_alpha1.0
2012/4/4,2012/1/5,bull,bull,0.9978,15,feature_knn_balanced_alpha1.0
2012/4/12,2012/1/12,bull,bull,0.9881,15,feature_knn_balanced_alpha1.0
2012/4/19,2012/1/20,bull,bull,0.9763,15,feature_knn_balanced_alpha1.0
2012/4/26,2012/1/27,bull,bull,0.9941,15,feature_knn_balanced_alpha1.0
2012/5/3,2012/2/3,bull,bull,0.9942,15,feature_knn_balanced_alpha1.0
2012/5/10,2012/2/10,bull,bull,0.9884,15,feature_knn_balanced_alpha1.0
2012/5/17,2012/2/17,bull,bull,0.7714,15,feature_knn_balanced_alpha1.0
2012/5/24,2012/2/27,bull,bull,0.916,15,feature_knn_balanced_alpha1.0
2012/6/1,2012/3/5,bull,bull,0.6628,15,feature_knn_balanced_alpha1.0
2012/6/8,2012/3/12,bull,bull,0.878,15,feature_knn_balanced_alpha1.0
2012/6/15,2012/3/19,bull,bull,0.8189,15,feature_knn_balanced_alpha1.0
2012/6/22,2012/3/26,bull,bull,0.8945,15,feature_knn_balanced_alpha1.0
2012/6/29,2012/4/2,bull,bull,0.9121,15,feature_knn_balanced_alpha1.0
2012/7/9,2012/4/10,bull,bull,0.9533,15,feature_knn_balanced_alpha1.0
2012/7/16,2012/4/17,bull,bull,0.9803,15,feature_knn_balanced_alpha1.0
2012/7/23,2012/4/24,bull,bull,0.9794,15,feature_knn_balanced_alpha1.0
2012/7/30,2012/5/1,bull,bull,0.9811,15,feature_knn_balanced_alpha1.0
2012/8/6,2012/5/8,bull,bull,0.9823,15,feature_knn_balanced_alpha1.0
2012/8/13,2012/5/15,bull,bull,0.9888,15,feature_knn_balanced_alpha1.0
2012/8/20,2012/5/22,bull,bull,0.994,15,feature_knn_balanced_alpha1.0
2012/8/27,2012/5/30,bull,bull,0.9959,15,feature_knn_balanced_alpha1.0
2012/9/4,2012/6/6,bull,bull,0.9966,15,feature_knn_balanced_alpha1.0
2012/9/11,2012/6/13,bull,bull,0.9976,15,feature_knn_balanced_alpha1.0
2012/9/18,2012/6/20,bull,bull,0.9979,15,feature_knn_balanced_alpha1.0
2012/9/25,2012/6/27,bull,bull,0.9982,15,feature_knn_balanced_alpha1.0
2012/10/2,2012/7/5,bull,bull,0.9982,15,feature_knn_balanced_alpha1.0
2012/10/9,2012/7/12,bull,bull,0.9986,15,feature_knn_balanced_alpha1.0
2012/10/16,2012/7/19,bull,bull,0.9986,15,feature_knn_balanced_alpha1.0
2012/10/23,2012/7/26,bull,bull,0.9955,15,feature_knn_balanced_alpha1.0
2012/11/1,2012/8/2,bull,bull,0.9978,15,feature_knn_balanced_alpha1.0
2012/11/8,2012/8/9,bull,bull,0.9828,15,feature_knn_balanced_alpha1.0
2012/11/15,2012/8/16,bull,bull,0.8737,15,feature_knn_balanced_alpha1.0
2012/11/23,2012/8/23,bull,bull,0.9857,15,feature_knn_balanced_alpha1.0
2012/11/30,2012/8/30,bull,bull,0.9904,15,feature_knn_balanced_alpha1.0
2012/12/7,2012/9/7,bull,bull,0.9925,15,feature_knn_balanced_alpha1.0
2012/12/14,2012/9/14,bull,bull,0.9903,15,feature_knn_balanced_alpha1.0
2012/12/21,2012/9/21,bull,bull,0.9908,15,feature_knn_balanced_alpha1.0
2012/12/31,2012/9/28,bull,bull,0.9923,15,feature_knn_balanced_alpha1.0
2013/1/8,2012/10/5,bull,bull,0.993,15,feature_knn_balanced_alpha1.0
2013/1/15,2012/10/12,bull,bull,0.9953,15,feature_knn_balanced_alpha1.0
2013/1/23,2012/10/19,bull,bull,0.9978,15,feature_knn_balanced_alpha1.0
2013/1/30,2012/10/26,bull,bull,0.9976,15,feature_knn_balanced_alpha1.0
2013/2/6,2012/11/6,bull,bull,0.9977,15,feature_knn_balanced_alpha1.0
2013/2/13,2012/11/13,bull,bull,0.9989,15,feature_knn_balanced_alpha1.0
2013/2/21,2012/11/20,bull,bull,0.9981,15,feature_knn_balanced_alpha1.0
2013/2/28,2012/11/28,bull,bull,0.9981,15,feature_knn_balanced_alpha1.0
2013/3/7,2012/12/5,bull,bull,0.9988,15,feature_knn_balanced_alpha1.0
2013/3/14,2012/12/12,bull,bull,0.999,15,feature_knn_balanced_alpha1.0
2013/3/21,2012/12/19,bull,bull,0.9989,15,feature_knn_balanced_alpha1.0
2013/3/28,2012/12/27,bull,bull,0.9995,15,feature_knn_balanced_alpha1.0
2013/4/5,2013/1/4,bull,bull,0.9992,15,feature_knn_balanced_alpha1.0
2013/4/12,2013/1/11,bull,bull,0.9994,15,feature_knn_balanced_alpha1.0
2013/4/19,2013/1/18,bull,bull,0.9972,15,feature_knn_balanced_alpha1.0
2013/4/26,2013/1/28,bull,bull,0.9983,15,feature_knn_balanced_alpha1.0
2013/5/3,2013/2/4,bull,bull,0.9986,15,feature_knn_balanced_alpha1.0
2013/5/10,2013/2/11,bull,bull,0.9988,15,feature_knn_balanced_alpha1.0
2013/5/17,2013/2/19,bull,bull,0.9987,15,feature_knn_balanced_alpha1.0
2013/5/24,2013/2/26,bull,bull,0.9989,15,feature_knn_balanced_alpha1.0
2013/6/3,2013/3/5,bull,bull,0.9969,15,feature_knn_balanced_alpha1.0
2013/6/10,2013/3/12,bull,bull,0.9963,15,feature_knn_balanced_alpha1.0
2013/6/17,2013/3/19,bull,bull,0.9935,15,feature_knn_balanced_alpha1.0
2013/6/24,2013/3/26,bull,bull,0.8123,15,feature_knn_balanced_alpha1.0
2013/7/1,2013/4/3,bull,bull,0.9467,15,feature_knn_balanced_alpha1.0
2013/7/9,2013/4/10,bull,bull,0.9782,15,feature_knn_balanced_alpha1.0
2013/7/16,2013/4/17,bull,bull,0.9916,15,feature_knn_balanced_alpha1.0
2013/7/23,2013/4/24,bull,bull,0.9929,15,feature_knn_balanced_alpha1.0
2013/7/30,2013/5/1,bull,bull,0.9954,15,feature_knn_balanced_alpha1.0
2013/8/6,2013/5/8,bull,bull,0.9952,15,feature_knn_balanced_alpha1.0
2013/8/13,2013/5/15,bull,bull,0.9957,15,feature_knn_balanced_alpha1.0
2013/8/20,2013/5/22,bull,bull,0.9792,15,feature_knn_balanced_alpha1.0
2013/8/27,2013/5/30,bull,bull,0.9717,15,feature_knn_balanced_alpha1.0
2013/9/4,2013/6/6,bull,bull,0.9888,15,feature_knn_balanced_alpha1.0
2013/9/11,2013/6/13,bull,bull,0.9955,15,feature_knn_balanced_alpha1.0
2013/9/18,2013/6/20,bull,bull,0.9979,15,feature_knn_balanced_alpha1.0
2013/9/25,2013/6/27,bull,bull,0.9977,15,feature_knn_balanced_alpha1.0
2013/10/2,2013/7/5,bull,bull,0.9967,15,feature_knn_balanced_alpha1.0
2013/10/9,2013/7/12,bull,bull,0.981,15,feature_knn_balanced_alpha1.0
2013/10/16,2013/7/19,bull,bull,0.9956,15,feature_knn_balanced_alpha1.0
2013/10/23,2013/7/26,bull,bull,0.9973,15,feature_knn_balanced_alpha1.0
2013/10/30,2013/8/2,bull,bull,0.9981,15,feature_knn_balanced_alpha1.0
2013/11/6,2013/8/9,bull,bull,0.9986,15,feature_knn_balanced_alpha1.0
2013/11/13,2013/8/16,bull,bull,0.9989,15,feature_knn_balanced_alpha1.0
2013/11/20,2013/8/23,bull,bull,0.9982,15,feature_knn_balanced_alpha1.0
2013/11/27,2013/8/30,bull,bull,0.999,15,feature_knn_balanced_alpha1.0
2013/12/5,2013/9/9,bull,bull,0.9976,15,feature_knn_balanced_alpha1.0
2013/12/12,2013/9/16,bull,bull,0.9976,15,feature_knn_balanced_alpha1.0
2013/12/19,2013/9/23,bull,bull,0.9986,15,feature_knn_balanced_alpha1.0
2013/12/27,2013/9/30,bull,bull,0.9991,15,feature_knn_balanced_alpha1.0
2014/1/6,2013/10/7,bull,bull,0.999,15,feature_knn_balanced_alpha1.0
2014/1/13,2013/10/14,bull,bull,0.9989,15,feature_knn_balanced_alpha1.0
2014/1/21,2013/10/21,bull,bull,0.9991,15,feature_knn_balanced_alpha1.0
2014/1/28,2013/10/28,bull,bull,0.9871,15,feature_knn_balanced_alpha1.0
2014/2/4,2013/11/4,bull,bull,0.9539,15,feature_knn_balanced_alpha1.0
2014/2/11,2013/11/11,bull,bull,0.983,15,feature_knn_balanced_alpha1.0
2014/2/19,2013/11/18,bull,bull,0.9868,15,feature_knn_balanced_alpha1.0
2014/2/26,2013/11/25,bull,bull,0.9912,15,feature_knn_balanced_alpha1.0
2014/3/5,2013/12/3,bull,bull,0.9934,15,feature_knn_balanced_alpha1.0
2014/3/12,2013/12/10,bull,bull,0.9926,15,feature_knn_balanced_alpha1.0
2014/3/19,2013/12/17,bull,bull,0.9938,15,feature_knn_balanced_alpha1.0
2014/3/26,2013/12/24,bull,bull,0.9924,15,feature_knn_balanced_alpha1.0
2014/4/2,2014/1/2,bull,bull,0.9966,15,feature_knn_balanced_alpha1.0
2014/4/9,2014/1/9,bull,bull,0.9949,15,feature_knn_balanced_alpha1.0
2014/4/16,2014/1/16,bull,bull,0.9906,15,feature_knn_balanced_alpha1.0
2014/4/24,2014/1/24,bull,bull,0.9955,15,feature_knn_balanced_alpha1.0
2014/5/1,2014/1/31,bull,bull,0.9959,15,feature_knn_balanced_alpha1.0
2014/5/8,2014/2/7,bull,bull,0.9975,15,feature_knn_balanced_alpha1.0
2014/5/15,2014/2/14,bull,bull,0.997,15,feature_knn_balanced_alpha1.0
2014/5/22,2014/2/24,bull,bull,0.9983,15,feature_knn_balanced_alpha1.0
2014/5/30,2014/3/3,bull,bull,0.9986,15,feature_knn_balanced_alpha1.0
2014/6/6,2014/3/10,bull,bull,0.9985,15,feature_knn_balanced_alpha1.0
2014/6/13,2014/3/17,bull,bull,0.9987,15,feature_knn_balanced_alpha1.0
2014/6/20,2014/3/24,bull,bull,0.9991,15,feature_knn_balanced_alpha1.0
2014/6/27,2014/3/31,bull,bull,0.9992,15,feature_knn_balanced_alpha1.0
2014/7/7,2014/4/7,bull,bull,0.9989,15,feature_knn_balanced_alpha1.0
2014/7/14,2014/4/14,bull,bull,0.9991,15,feature_knn_balanced_alpha1.0
2014/7/21,2014/4/22,bull,bull,0.9986,15,feature_knn_balanced_alpha1.0
2014/7/28,2014/4/29,bull,bull,0.9992,15,feature_knn_balanced_alpha1.0
2014/8/4,2014/5/6,bull,bull,0.9945,15,feature_knn_balanced_alpha1.0
2014/8/11,2014/5/13,bull,bull,0.9948,15,feature_knn_balanced_alpha1.0
2014/8/18,2014/5/20,bull,bull,0.9978,15,feature_knn_balanced_alpha1.0
2014/8/25,2014/5/28,bull,bull,0.9986,15,feature_knn_balanced_alpha1.0
2014/9/2,2014/6/4,bull,bull,0.999,15,feature_knn_balanced_alpha1.0
2014/9/9,2014/6/11,bull,bull,0.9984,15,feature_knn_balanced_alpha1.0
2014/9/16,2014/6/18,bull,bull,0.9986,15,feature_knn_balanced_alpha1.0
2014/9/23,2014/6/25,bull,bull,0.9969,15,feature_knn_balanced_alpha1.0
2014/9/30,2014/7/2,bull,bull,0.995,15,feature_knn_balanced_alpha1.0
2014/10/7,2014/7/10,bull,bull,0.9857,15,feature_knn_balanced_alpha1.0
2014/10/14,2014/7/17,bull,bull,0.651,15,feature_knn_balanced_alpha1.0
2014/10/21,2014/7/24,bull,bull,0.9383,15,feature_knn_balanced_alpha1.0
2014/10/28,2014/7/31,bull,bull,0.9792,15,feature_knn_balanced_alpha1.0
2014/11/4,2014/8/7,bull,bull,0.9877,15,feature_knn_balanced_alpha1.0
2014/11/11,2014/8/14,bull,bull,0.9927,15,feature_knn_balanced_alpha1.0
2014/11/18,2014/8/21,bull,bull,0.995,15,feature_knn_balanced_alpha1.0
2014/11/25,2014/8/28,bull,bull,0.9969,15,feature_knn_balanced_alpha1.0
2014/12/3,2014/9/5,bull,bull,0.9974,15,feature_knn_balanced_alpha1.0
2014/12/10,2014/9/12,bull,bull,0.9775,15,feature_knn_balanced_alpha1.0
2014/12/17,2014/9/19,bull,bull,0.966,15,feature_knn_balanced_alpha1.0
2014/12/24,2014/9/26,bull,bull,0.9876,15,feature_knn_balanced_alpha1.0
2015/1/2,2014/10/3,bull,bull,0.9839,15,feature_knn_balanced_alpha1.0
2015/1/9,2014/10/10,bull,bull,0.9832,15,feature_knn_balanced_alpha1.0
2015/1/16,2014/10/17,bull,bull,0.9766,15,feature_knn_balanced_alpha1.0
2015/1/26,2014/10/24,bull,bull,0.995,15,feature_knn_balanced_alpha1.0
2015/2/2,2014/10/31,bull,bull,0.9774,15,feature_knn_balanced_alpha1.0
2015/2/9,2014/11/7,bull,bull,0.9863,15,feature_knn_balanced_alpha1.0
2015/2/17,2014/11/14,bull,bull,0.9931,15,feature_knn_balanced_alpha1.0
2015/2/24,2014/11/21,bull,bull,0.9957,15,feature_knn_balanced_alpha1.0
2015/3/3,2014/12/1,bull,bull,0.9966,15,feature_knn_balanced_alpha1.0
2015/3/10,2014/12/8,bull,bull,0.9778,15,feature_knn_balanced_alpha1.0
2015/3/17,2014/12/15,bull,bull,0.9916,15,feature_knn_balanced_alpha1.0
2015/3/24,2014/12/22,bull,bull,0.9938,15,feature_knn_balanced_alpha1.0
2015/3/31,2014/12/30,bull,bull,0.9904,15,feature_knn_balanced_alpha1.0
2015/4/8,2015/1/7,bull,bull,0.995,15,feature_knn_balanced_alpha1.0
2015/4/15,2015/1/14,bull,bull,0.9974,15,feature_knn_balanced_alpha1.0
2015/4/22,2015/1/22,bull,bull,0.9978,15,feature_knn_balanced_alpha1.0
2015/4/29,2015/1/29,bull,bull,0.9985,15,feature_knn_balanced_alpha1.0
2015/5/6,2015/2/5,bull,bull,0.9949,15,feature_knn_balanced_alpha1.0
2015/5/13,2015/2/12,bull,bull,0.9974,15,feature_knn_balanced_alpha1.0
2015/5/20,2015/2/20,bull,bull,0.9986,15,feature_knn_balanced_alpha1.0
2015/5/28,2015/2/27,bull,bull,0.9988,15,feature_knn_balanced_alpha1.0
2015/6/4,2015/3/6,bull,bull,0.9983,15,feature_knn_balanced_alpha1.0
2015/6/11,2015/3/13,bull,bull,0.9988,15,feature_knn_balanced_alpha1.0
2015/6/18,2015/3/20,bull,bull,0.9986,15,feature_knn_balanced_alpha1.0
2015/6/25,2015/3/27,bull,bull,0.9981,15,feature_knn_balanced_alpha1.0
2015/7/2,2015/4/6,bull,bull,0.9942,15,feature_knn_balanced_alpha1.0
2015/7/10,2015/4/13,bull,bull,0.9927,15,feature_knn_balanced_alpha1.0
2015/7/17,2015/4/20,bull,bull,0.9965,15,feature_knn_balanced_alpha1.0
2015/7/24,2015/4/27,bull,bull,0.9938,15,feature_knn_balanced_alpha1.0
2015/7/31,2015/5/4,bull,bull,0.9964,15,feature_knn_balanced_alpha1.0
2015/8/7,2015/5/11,bull,bull,0.9958,15,feature_knn_balanced_alpha1.0
2015/8/14,2015/5/18,bull,bull,0.9955,15,feature_knn_balanced_alpha1.0
2015/8/21,2015/5/26,bull,bull,0.5715,15,feature_knn_balanced_alpha1.0
2015/8/28,2015/6/2,bull,high_vol,0.8335,15,feature_knn_balanced_alpha1.0
2015/9/4,2015/6/9,bull,high_vol,0.8859,15,feature_knn_balanced_alpha1.0
2015/9/14,2015/6/16,bull,high_vol,0.7669,15,feature_knn_balanced_alpha1.0
2015/9/21,2015/6/23,bull,high_vol,0.5697,15,feature_knn_balanced_alpha1.0
2015/9/28,2015/6/30,bull,high_vol,0.6417,15,feature_knn_balanced_alpha1.0
2015/10/5,2015/7/8,bull,high_vol,0.4835,15,feature_knn_balanced_alpha1.0
2015/10/12,2015/7/15,bull,bull,0.5603,15,feature_knn_balanced_alpha1.0
2015/10/19,2015/7/22,bull,bull,0.7234,15,feature_knn_balanced_alpha1.0
2015/10/26,2015/7/29,bull,bull,0.8862,15,feature_knn_balanced_alpha1.0
2015/11/2,2015/8/5,bull,bull,0.9474,15,feature_knn_balanced_alpha1.0
2015/11/9,2015/8/12,bull,bull,0.8954,15,feature_knn_balanced_alpha1.0
2015/11/16,2015/8/19,bull,bull,0.8244,15,feature_knn_balanced_alpha1.0
2015/11/23,2015/8/26,bull,bull,0.9803,15,feature_knn_balanced_alpha1.0
2015/12/1,2015/9/2,bull,bull,0.9938,15,feature_knn_balanced_alpha1.0
2015/12/8,2015/9/10,bull,bull,0.9816,15,feature_knn_balanced_alpha1.0
2015/12/15,2015/9/17,bull,bull,0.7223,15,feature_knn_balanced_alpha1.0
2015/12/22,2015/9/24,bull,bull,0.8553,15,feature_knn_balanced_alpha1.0
2015/12/30,2015/10/1,bull,bull,0.979,15,feature_knn_balanced_alpha1.0
2016/1/7,2015/10/8,bull,bull,0.5633,15,feature_knn_balanced_alpha1.0
2016/1/14,2015/10/15,bull,bull,0.4313,15,feature_knn_balanced_alpha1.0
2016/1/22,2015/10/22,bull,bull,0.5047,15,feature_knn_balanced_alpha1.0
2016/1/29,2015/10/29,bull,bull,0.6152,15,feature_knn_balanced_alpha1.0
2016/2/5,2015/11/5,bull,bull,0.538,15,feature_knn_balanced_alpha1.0
2016/2/12,2015/11/12,bull,bull,0.5999,15,feature_knn_balanced_alpha1.0
2016/2/22,2015/11/19,bull,bull,0.6592,15,feature_knn_balanced_alpha1.0
2016/2/29,2015/11/27,bull,bull,0.7847,15,feature_knn_balanced_alpha1.0
2016/3/7,2015/12/4,bull,bull,0.8404,15,feature_knn_balanced_alpha1.0
2016/3/14,2015/12/11,bull,bull,0.9324,15,feature_knn_balanced_alpha1.0
2016/3/21,2015/12/18,bull,bull,0.9679,15,feature_knn_balanced_alpha1.0
2016/3/29,2015/12/28,bull,bull,0.9857,15,feature_knn_balanced_alpha1.0
2016/4/5,2016/1/5,bull,bull,0.972,15,feature_knn_balanced_alpha1.0
2016/4/12,2016/1/12,bull,bull,0.9901,15,feature_knn_balanced_alpha1.0
2016/4/19,2016/1/20,bull,bull,0.9956,15,feature_knn_balanced_alpha1.0
2016/4/26,2016/1/27,bull,bull,0.9965,15,feature_knn_balanced_alpha1.0
2016/5/3,2016/2/3,bull,bull,0.9961,15,feature_knn_balanced_alpha1.0
2016/5/10,2016/2/10,bull,bull,0.9984,15,feature_knn_balanced_alpha1.0
2016/5/17,2016/2/18,bull,bull,0.9968,15,feature_knn_balanced_alpha1.0
2016/5/24,2016/2/25,bull,bull,0.9981,15,feature_knn_balanced_alpha1.0
2016/6/1,2016/3/3,bull,bull,0.9986,15,feature_knn_balanced_alpha1.0
2016/6/8,2016/3/10,bull,bull,0.9991,15,feature_knn_balanced_alpha1.0
2016/6/15,2016/3/17,bull,bull,0.9936,15,feature_knn_balanced_alpha1.0
2016/6/22,2016/3/24,bull,bull,0.9948,15,feature_knn_balanced_alpha1.0
2016/6/29,2016/4/1,bull,bull,0.9855,15,feature_knn_balanced_alpha1.0
2016/7/7,2016/4/8,bull,bull,0.9912,15,feature_knn_balanced_alpha1.0
2016/7/14,2016/4/15,bull,bull,0.9919,15,feature_knn_balanced_alpha1.0
2016/7/21,2016/4/22,bull,bull,0.9941,15,feature_knn_balanced_alpha1.0
2016/7/28,2016/4/29,bull,bull,0.9974,15,feature_knn_balanced_alpha1.0
2016/8/4,2016/5/6,bull,bull,0.998,15,feature_knn_balanced_alpha1.0
2016/8/11,2016/5/13,bull,bull,0.9984,15,feature_knn_balanced_alpha1.0
2016/8/18,2016/5/20,bull,bull,0.999,15,feature_knn_balanced_alpha1.0
2016/8/25,2016/5/27,bull,bull,0.998,15,feature_knn_balanced_alpha1.0
2016/9/1,2016/6/6,bull,bull,0.9985,15,feature_knn_balanced_alpha1.0
2016/9/9,2016/6/13,bull,bull,0.9891,15,feature_knn_balanced_alpha1.0
2016/9/16,2016/6/20,bull,bull,0.9924,15,feature_knn_balanced_alpha1.0
2016/9/23,2016/6/27,bull,bull,0.9969,15,feature_knn_balanced_alpha1.0
2016/9/30,2016/7/5,bull,bull,0.9977,15,feature_knn_balanced_alpha1.0
2016/10/7,2016/7/12,bull,bull,0.998,15,feature_knn_balanced_alpha1.0
2016/10/14,2016/7/19,bull,bull,0.9973,15,feature_knn_balanced_alpha1.0
2016/10/21,2016/7/26,bull,bull,0.9986,15,feature_knn_balanced_alpha1.0
2016/10/28,2016/8/2,bull,bull,0.998,15,feature_knn_balanced_alpha1.0
2016/11/4,2016/8/9,bull,bull,0.9751,15,feature_knn_balanced_alpha1.0
2016/11/11,2016/8/16,bull,bull,0.998,15,feature_knn_balanced_alpha1.0
2016/11/18,2016/8/23,bull,bull,0.9983,15,feature_knn_balanced_alpha1.0
2016/11/28,2016/8/30,bull,bull,0.9976,15,feature_knn_balanced_alpha1.0
2016/12/5,2016/9/7,bull,bull,0.9955,15,feature_knn_balanced_alpha1.0
2016/12/12,2016/9/14,bull,bull,0.9984,15,feature_knn_balanced_alpha1.0
2016/12/19,2016/9/21,bull,bull,0.9987,15,feature_knn_balanced_alpha1.0
2016/12/27,2016/9/28,bull,bull,0.9991,15,feature_knn_balanced_alpha1.0
2017/1/4,2016/10/5,bull,bull,0.9992,15,feature_knn_balanced_alpha1.0
2017/1/11,2016/10/12,bull,bull,0.9991,15,feature_knn_balanced_alpha1.0
2017/1/19,2016/10/19,bull,bull,0.9987,15,feature_knn_balanced_alpha1.0
2017/1/26,2016/10/26,bull,bull,0.9994,15,feature_knn_balanced_alpha1.0
2017/2/2,2016/11/2,bull,bull,0.9994,15,feature_knn_balanced_alpha1.0
2017/2/9,2016/11/9,bull,bull,0.9996,15,feature_knn_balanced_alpha1.0
2017/2/16,2016/11/16,bull,bull,0.9996,15,feature_knn_balanced_alpha1.0
2017/2/24,2016/11/23,bull,bull,0.9997,15,feature_knn_balanced_alpha1.0
2017/3/3,2016/12/1,bull,bull,0.9996,15,feature_knn_balanced_alpha1.0
2017/3/10,2016/12/8,bull,bull,0.9993,15,feature_knn_balanced_alpha1.0
2017/3/17,2016/12/15,bull,bull,0.9994,15,feature_knn_balanced_alpha1.0
2017/3/24,2016/12/22,bull,bull,0.9981,15,feature_knn_balanced_alpha1.0
2017/3/31,2016/12/30,bull,bull,0.9992,15,feature_knn_balanced_alpha1.0
2017/4/7,2017/1/9,bull,bull,0.9992,15,feature_knn_balanced_alpha1.0
2017/4/17,2017/1/17,bull,bull,0.9985,15,feature_knn_balanced_alpha1.0
2017/4/24,2017/1/24,bull,bull,0.9991,15,feature_knn_balanced_alpha1.0
2017/5/1,2017/1/31,bull,bull,0.9995,15,feature_knn_balanced_alpha1.0
2017/5/8,2017/2/7,bull,bull,0.9996,15,feature_knn_balanced_alpha1.0
2017/5/15,2017/2/14,bull,bull,0.9994,15,feature_knn_balanced_alpha1.0
2017/5/22,2017/2/22,bull,bull,0.9984,15,feature_knn_balanced_alpha1.0
2017/5/30,2017/3/1,bull,bull,0.9989,15,feature_knn_balanced_alpha1.0
2017/6/6,2017/3/8,bull,bull,0.9993,15,feature_knn_balanced_alpha1.0
2017/6/13,2017/3/15,bull,bull,0.9994,15,feature_knn_balanced_alpha1.0
2017/6/20,2017/3/22,bull,bull,0.9994,15,feature_knn_balanced_alpha1.0
2017/6/27,2017/3/29,bull,bull,0.9994,15,feature_knn_balanced_alpha1.0
2017/7/5,2017/4/5,bull,bull,0.9994,15,feature_knn_balanced_alpha1.0
2017/7/12,2017/4/12,bull,bull,0.9994,15,feature_knn_balanced_alpha1.0
2017/7/19,2017/4/20,bull,bull,0.9996,15,feature_knn_balanced_alpha1.0
2017/7/26,2017/4/27,bull,bull,0.9996,15,feature_knn_balanced_alpha1.0
2017/8/2,2017/5/4,bull,bull,0.9997,15,feature_knn_balanced_alpha1.0
2017/8/9,2017/5/11,bull,bull,0.9995,15,feature_knn_balanced_alpha1.0
2017/8/16,2017/5/18,bull,bull,0.9993,15,feature_knn_balanced_alpha1.0
2017/8/23,2017/5/25,bull,bull,0.9981,15,feature_knn_balanced_alpha1.0
2017/8/30,2017/6/2,bull,bull,0.9988,15,feature_knn_balanced_alpha1.0
2017/9/7,2017/6/9,bull,bull,0.9991,15,feature_knn_balanced_alpha1.0
2017/9/14,2017/6/16,bull,bull,0.9994,15,feature_knn_balanced_alpha1.0
2017/9/21,2017/6/23,bull,bull,0.9996,15,feature_knn_balanced_alpha1.0
2017/9/28,2017/6/30,bull,bull,0.9997,15,feature_knn_balanced_alpha1.0
2017/10/5,2017/7/10,bull,bull,0.9997,15,feature_knn_balanced_alpha1.0
2017/10/12,2017/7/17,bull,bull,0.9996,15,feature_knn_balanced_alpha1.0
2017/10/19,2017/7/24,bull,bull,0.9997,15,feature_knn_balanced_alpha1.0
2017/10/26,2017/7/31,bull,bull,0.9994,15,feature_knn_balanced_alpha1.0
2017/11/2,2017/8/7,bull,bull,0.9997,15,feature_knn_balanced_alpha1.0
2017/11/9,2017/8/14,bull,bull,0.9997,15,feature_knn_balanced_alpha1.0
2017/11/16,2017/8/21,bull,bull,0.9995,15,feature_knn_balanced_alpha1.0
2017/11/24,2017/8/28,bull,bull,0.9997,15,feature_knn_balanced_alpha1.0
2017/12/1,2017/9/5,bull,bull,0.9997,15,feature_knn_balanced_alpha1.0
2017/12/8,2017/9/12,bull,bull,0.9998,15,feature_knn_balanced_alpha1.0
2017/12/15,2017/9/19,bull,bull,0.9998,15,feature_knn_balanced_alpha1.0
2017/12/22,2017/9/26,bull,bull,0.9998,15,feature_knn_balanced_alpha1.0
2018/1/2,2017/10/3,bull,bull,0.9998,15,feature_knn_balanced_alpha1.0
2018/1/9,2017/10/10,bull,bull,0.9998,15,feature_knn_balanced_alpha1.0
2018/1/17,2017/10/17,bull,bull,0.9997,15,feature_knn_balanced_alpha1.0
2018/1/24,2017/10/24,bull,bull,0.9997,15,feature_knn_balanced_alpha1.0
2018/1/31,2017/10/31,bull,bull,0.9989,15,feature_knn_balanced_alpha1.0
2018/2/7,2017/11/7,bull,high_vol,0.7096,15,feature_knn_balanced_alpha1.0
2018/2/14,2017/11/14,bull,high_vol,0.5834,15,feature_knn_balanced_alpha1.0
2018/2/22,2017/11/21,bull,bull,0.4711,15,feature_knn_balanced_alpha1.0
2018/3/1,2017/11/29,bull,high_vol,0.5342,15,feature_knn_balanced_alpha1.0
2018/3/8,2017/12/6,bull,bull,0.5725,15,feature_knn_balanced_alpha1.0
2018/3/15,2017/12/13,bull,bull,0.7427,15,feature_knn_balanced_alpha1.0
2018/3/22,2017/12/20,bull,high_vol,0.4017,15,feature_knn_balanced_alpha1.0
2018/3/29,2017/12/28,bull,bull,0.3933,15,feature_knn_balanced_alpha1.0
2018/4/6,2018/1/5,bull,high_vol,0.4425,15,feature_knn_balanced_alpha1.0
2018/4/13,2018/1/12,bull,bull,0.5492,15,feature_knn_balanced_alpha1.0
2018/4/20,2018/1/22,bull,bull,0.5443,15,feature_knn_balanced_alpha1.0
2018/4/27,2018/1/29,bull,bull,0.7083,15,feature_knn_balanced_alpha1.0
2018/5/4,2018/2/5,bull,bull,0.8189,15,feature_knn_balanced_alpha1.0
2018/5/11,2018/2/12,bull,bull,0.9117,15,feature_knn_balanced_alpha1.0
2018/5/18,2018/2/20,bull,bull,0.9273,15,feature_knn_balanced_alpha1.0
2018/5/25,2018/2/27,bull,bull,0.9514,15,feature_knn_balanced_alpha1.0
2018/6/4,2018/3/6,bull,bull,0.9755,15,feature_knn_balanced_alpha1.0
2018/6/11,2018/3/13,bull,bull,0.9796,15,feature_knn_balanced_alpha1.0
2018/6/18,2018/3/20,bull,bull,0.9876,15,feature_knn_balanced_alpha1.0
2018/6/25,2018/3/27,bull,bull,0.9373,15,feature_knn_balanced_alpha1.0
2018/7/2,2018/4/4,bull,bull,0.9759,15,feature_knn_balanced_alpha1.0
2018/7/10,2018/4/11,bull,bull,0.9935,15,feature_knn_balanced_alpha1.0
2018/7/17,2018/4/18,bull,bull,0.9953,15,feature_knn_balanced_alpha1.0
2018/7/24,2018/4/25,bull,bull,0.9963,15,feature_knn_balanced_alpha1.0
2018/7/31,2018/5/2,bull,bull,0.9975,15,feature_knn_balanced_alpha1.0
2018/8/7,2018/5/9,bull,bull,0.9986,15,feature_knn_balanced_alpha1.0
2018/8/14,2018/5/16,bull,bull,0.9971,15,feature_knn_balanced_alpha1.0
2018/8/21,2018/5/23,bull,bull,0.9983,15,feature_knn_balanced_alpha1.0
2018/8/28,2018/5/31,bull,bull,0.999,15,feature_knn_balanced_alpha1.0
2018/9/5,2018/6/7,bull,bull,0.9978,15,feature_knn_balanced_alpha1.0
2018/9/12,2018/6/14,bull,bull,0.9985,15,feature_knn_balanced_alpha1.0
2018/9/19,2018/6/21,bull,bull,0.9991,15,feature_knn_balanced_alpha1.0
2018/9/26,2018/6/28,bull,bull,0.9989,15,feature_knn_balanced_alpha1.0
2018/10/3,2018/7/6,bull,bull,0.9994,15,feature_knn_balanced_alpha1.0
2018/10/10,2018/7/13,bull,bull,0.8391,15,feature_knn_balanced_alpha1.0
2018/10/17,2018/7/20,bull,bull,0.8221,15,feature_knn_balanced_alpha1.0
2018/10/24,2018/7/27,bull,high_vol,0.4778,15,feature_knn_balanced_alpha1.0
2018/10/31,2018/8/3,bull,bear,0.3895,15,feature_knn_balanced_alpha1.0
2018/11/7,2018/8/10,bull,bull,0.7917,15,feature_knn_balanced_alpha1.0
2018/11/14,2018/8/17,bull,bear,0.5467,15,feature_knn_balanced_alpha1.0
2018/11/21,2018/8/24,bull,bear,0.7651,15,feature_knn_balanced_alpha1.0
2018/11/29,2018/8/31,bull,bear,0.5524,15,feature_knn_balanced_alpha1.0
2018/12/7,2018/9/10,bull,bear,0.4294,15,feature_knn_balanced_alpha1.0
2018/12/14,2018/9/17,bull,bear,0.5511,15,feature_knn_balanced_alpha1.0
2018/12/21,2018/9/24,bull,high_vol,0.4838,15,feature_knn_balanced_alpha1.0
2018/12/31,2018/10/1,bull,high_vol,0.61,15,feature_knn_balanced_alpha1.0
2019/1/8,2018/10/8,bull,high_vol,0.6102,15,feature_knn_balanced_alpha1.0
2019/1/15,2018/10/15,bull,high_vol,0.4539,15,feature_knn_balanced_alpha1.0
2019/1/23,2018/10/22,bull,bear,0.4753,15,feature_knn_balanced_alpha1.0
2019/1/30,2018/10/29,bull,bear,0.4304,15,feature_knn_balanced_alpha1.0
2019/2/6,2018/11/5,bull,bull,0.6589,15,feature_knn_balanced_alpha1.0
2019/2/13,2018/11/12,bull,bull,0.8173,15,feature_knn_balanced_alpha1.0
2019/2/21,2018/11/19,bull,bull,0.9263,15,feature_knn_balanced_alpha1.0
2019/2/28,2018/11/27,bull,bull,0.9501,15,feature_knn_balanced_alpha1.0
2019/3/7,2018/12/4,bull,bull,0.8342,15,feature_knn_balanced_alpha1.0
2019/3/14,2018/12/12,bull,bull,0.9534,15,feature_knn_balanced_alpha1.0
2019/3/21,2018/12/19,bull,bull,0.9806,15,feature_knn_balanced_alpha1.0
2019/3/28,2018/12/27,bull,bull,0.9866,15,feature_knn_balanced_alpha1.0
2019/4/4,2019/1/4,bull,bull,0.9972,15,feature_knn_balanced_alpha1.0
2019/4/11,2019/1/11,bull,bull,0.9975,15,feature_knn_balanced_alpha1.0
2019/4/18,2019/1/18,bull,bull,0.9984,15,feature_knn_balanced_alpha1.0
2019/4/26,2019/1/28,bull,bull,0.9992,15,feature_knn_balanced_alpha1.0
2019/5/3,2019/2/4,bull,bull,0.999,15,feature_knn_balanced_alpha1.0
2019/5/10,2019/2/11,bull,bull,0.994,15,feature_knn_balanced_alpha1.0
2019/5/17,2019/2/19,bull,bull,0.9757,15,feature_knn_balanced_alpha1.0
2019/5/24,2019/2/26,bull,bull,0.9729,15,feature_knn_balanced_alpha1.0
2019/6/3,2019/3/5,bull,bull,0.8276,15,feature_knn_balanced_alpha1.0
2019/6/10,2019/3/12,bull,bull,0.975,15,feature_knn_balanced_alpha1.0
2019/6/17,2019/3/19,bull,bull,0.9859,15,feature_knn_balanced_alpha1.0
2019/6/24,2019/3/26,bull,bull,0.9907,15,feature_knn_balanced_alpha1.0
2019/7/1,2019/4/2,bull,bull,0.9928,15,feature_knn_balanced_alpha1.0
2019/7/9,2019/4/9,bull,bull,0.9945,15,feature_knn_balanced_alpha1.0
2019/7/16,2019/4/16,bull,bull,0.9969,15,feature_knn_balanced_alpha1.0
2019/7/23,2019/4/24,bull,bull,0.9971,15,feature_knn_balanced_alpha1.0
2019/7/30,2019/5/1,bull,bull,0.9971,15,feature_knn_balanced_alpha1.0
2019/8/6,2019/5/8,bull,bull,0.9558,15,feature_knn_balanced_alpha1.0
2019/8/13,2019/5/15,bull,bull,0.9761,15,feature_knn_balanced_alpha1.0
2019/8/20,2019/5/22,bull,bull,0.9626,15,feature_knn_balanced_alpha1.0
2019/8/27,2019/5/30,bull,bull,0.9191,15,feature_knn_balanced_alpha1.0
2019/9/4,2019/6/6,bull,bull,0.9539,15,feature_knn_balanced_alpha1.0
2019/9/11,2019/6/13,bull,bull,0.9837,15,feature_knn_balanced_alpha1.0
2019/9/18,2019/6/20,bull,bull,0.9912,15,feature_knn_balanced_alpha1.0
2019/9/25,2019/6/27,bull,bull,0.9922,15,feature_knn_balanced_alpha1.0
2019/10/2,2019/7/5,bull,bull,0.9588,15,feature_knn_balanced_alpha1.0
2019/10/9,2019/7/12,bull,bull,0.978,15,feature_knn_balanced_alpha1.0
2019/10/16,2019/7/19,bull,bull,0.9852,15,feature_knn_balanced_alpha1.0
2019/10/23,2019/7/26,bull,bull,0.9909,15,feature_knn_balanced_alpha1.0
2019/10/30,2019/8/2,bull,bull,0.9949,15,feature_knn_balanced_alpha1.0
2019/11/6,2019/8/9,bull,bull,0.9978,15,feature_knn_balanced_alpha1.0
2019/11/13,2019/8/16,bull,bull,0.9981,15,feature_knn_balanced_alpha1.0
2019/11/20,2019/8/23,bull,bull,0.9988,15,feature_knn_balanced_alpha1.0
2019/11/27,2019/8/30,bull,bull,0.9993,15,feature_knn_balanced_alpha1.0
2019/12/5,2019/9/9,bull,bull,0.9978,15,feature_knn_balanced_alpha1.0
2019/12/12,2019/9/16,bull,bull,0.9988,15,feature_knn_balanced_alpha1.0
2019/12/19,2019/9/23,bull,bull,0.9993,15,feature_knn_balanced_alpha1.0
2019/12/27,2019/9/30,bull,bull,0.9992,15,feature_knn_balanced_alpha1.0
2020/1/6,2019/10/7,bull,bull,0.9992,15,feature_knn_balanced_alpha1.0
2020/1/13,2019/10/14,bull,bull,0.9995,15,feature_knn_balanced_alpha1.0
2020/1/21,2019/10/21,bull,bull,0.9996,15,feature_knn_balanced_alpha1.0
2020/1/28,2019/10/28,bull,bull,0.9976,15,feature_knn_balanced_alpha1.0
2020/2/4,2019/11/4,bull,bull,0.9973,15,feature_knn_balanced_alpha1.0
2020/2/11,2019/11/11,bull,bull,0.9979,15,feature_knn_balanced_alpha1.0
2020/2/19,2019/11/18,bull,bull,0.9987,15,feature_knn_balanced_alpha1.0
2020/2/26,2019/11/25,bull,bull,0.7429,15,feature_knn_balanced_alpha1.0
2020/3/4,2019/12/3,high_vol,high_vol,0.8613,15,feature_knn_balanced_alpha1.0
2020/3/11,2019/12/10,high_vol,high_vol,0.969,15,feature_knn_balanced_alpha1.0
2020/3/18,2019/12/17,bull,bear,0.9892,15,feature_knn_balanced_alpha1.0
2020/3/25,2019/12/24,bull,bear,0.9972,15,feature_knn_balanced_alpha1.0
2020/4/1,2020/1/2,bear,bear,0.9974,15,feature_knn_balanced_alpha1.0
2020/4/8,2020/1/9,high_vol,bear,0.982,15,feature_knn_balanced_alpha1.0
2020/4/16,2020/1/16,high_vol,bear,0.8428,15,feature_knn_balanced_alpha1.0
2020/4/23,2020/1/24,high_vol,high_vol,0.8373,15,feature_knn_balanced_alpha1.0
2020/4/30,2020/1/31,high_vol,high_vol,0.9873,15,feature_knn_balanced_alpha1.0
2020/5/7,2020/2/7,high_vol,high_vol,0.9418,15,feature_knn_balanced_alpha1.0
2020/5/14,2020/2/14,high_vol,high_vol,0.9905,15,feature_knn_balanced_alpha1.0
2020/5/21,2020/2/24,bull,high_vol,0.9997,15,feature_knn_balanced_alpha1.0
2020/5/29,2020/3/2,bull,high_vol,0.9972,15,feature_knn_balanced_alpha1.0
2020/6/5,2020/3/9,bull,high_vol,0.862,15,feature_knn_balanced_alpha1.0
2020/6/12,2020/3/16,high_vol,high_vol,0.9537,15,feature_knn_balanced_alpha1.0
2020/6/19,2020/3/23,high_vol,high_vol,0.9714,15,feature_knn_balanced_alpha1.0
2020/6/26,2020/3/30,high_vol,high_vol,0.9856,15,feature_knn_balanced_alpha1.0
2020/7/6,2020/4/6,bull,high_vol,0.9724,15,feature_knn_balanced_alpha1.0
2020/7/13,2020/4/14,bull,high_vol,0.8589,15,feature_knn_balanced_alpha1.0
2020/7/20,2020/4/21,bull,bull,0.5815,15,feature_knn_balanced_alpha1.0
2020/7/27,2020/4/28,bull,bull,0.8172,15,feature_knn_balanced_alpha1.0
2020/8/3,2020/5/5,bull,bull,0.8835,15,feature_knn_balanced_alpha1.0
2020/8/10,2020/5/12,bull,bull,0.9787,15,feature_knn_balanced_alpha1.0
2020/8/17,2020/5/19,bull,bull,0.9809,15,feature_knn_balanced_alpha1.0
2020/8/24,2020/5/27,bull,bull,0.9881,15,feature_knn_balanced_alpha1.0
2020/8/31,2020/6/3,bull,bull,0.9712,15,feature_knn_balanced_alpha1.0
2020/9/8,2020/6/10,bull,high_vol,0.7672,15,feature_knn_balanced_alpha1.0
2020/9/15,2020/6/17,bull,bull,0.6299,15,feature_knn_balanced_alpha1.0
2020/9/22,2020/6/24,bull,bull,0.6684,15,feature_knn_balanced_alpha1.0
2020/9/29,2020/7/1,bull,bull,0.7272,15,feature_knn_balanced_alpha1.0
2020/10/6,2020/7/9,bull,bull,0.8249,15,feature_knn_balanced_alpha1.0
2020/10/13,2020/7/16,bull,bull,0.9008,15,feature_knn_balanced_alpha1.0
2020/10/20,2020/7/23,bull,bull,0.897,15,feature_knn_balanced_alpha1.0
2020/10/27,2020/7/30,bull,bull,0.8513,15,feature_knn_balanced_alpha1.0
2020/11/3,2020/8/6,bull,bull,0.7472,15,feature_knn_balanced_alpha1.0
2020/11/10,2020/8/13,bull,bull,0.8848,15,feature_knn_balanced_alpha1.0
2020/11/17,2020/8/20,bull,bull,0.9064,15,feature_knn_balanced_alpha1.0
2020/11/24,2020/8/27,bull,bull,0.9228,15,feature_knn_balanced_alpha1.0
2020/12/2,2020/9/3,bull,bull,0.9799,15,feature_knn_balanced_alpha1.0
2020/12/9,2020/9/11,bull,bull,0.98,15,feature_knn_balanced_alpha1.0
2020/12/16,2020/9/18,bull,bull,0.9887,15,feature_knn_balanced_alpha1.0
2020/12/23,2020/9/25,bull,bull,0.9871,15,feature_knn_balanced_alpha1.0
2020/12/31,2020/10/2,bull,bull,0.9946,15,feature_knn_balanced_alpha1.0
2021/1/8,2020/10/9,bull,bull,0.9948,15,feature_knn_balanced_alpha1.0
2021/1/15,2020/10/16,bull,bull,0.9891,15,feature_knn_balanced_alpha1.0
2021/1/25,2020/10/23,bull,bull,0.9957,15,feature_knn_balanced_alpha1.0
2021/2/1,2020/10/30,bull,bull,0.8815,15,feature_knn_balanced_alpha1.0
2021/2/8,2020/11/6,bull,bull,0.9835,15,feature_knn_balanced_alpha1.0
2021/2/16,2020/11/13,bull,bull,0.9911,15,feature_knn_balanced_alpha1.0
2021/2/23,2020/11/20,bull,bull,0.9877,15,feature_knn_balanced_alpha1.0
2021/3/2,2020/11/30,bull,bull,0.9809,15,feature_knn_balanced_alpha1.0
2021/3/9,2020/12/7,bull,bull,0.9477,15,feature_knn_balanced_alpha1.0
2021/3/16,2020/12/14,bull,bull,0.9862,15,feature_knn_balanced_alpha1.0
2021/3/23,2020/12/21,bull,bull,0.9838,15,feature_knn_balanced_alpha1.0
2021/3/30,2020/12/29,bull,bull,0.9919,15,feature_knn_balanced_alpha1.0
2021/4/7,2021/1/6,bull,bull,0.9929,15,feature_knn_balanced_alpha1.0
2021/4/14,2021/1/13,bull,bull,0.9957,15,feature_knn_balanced_alpha1.0
2021/4/21,2021/1/21,bull,bull,0.9959,15,feature_knn_balanced_alpha1.0
2021/4/28,2021/1/28,bull,bull,0.9979,15,feature_knn_balanced_alpha1.0
2021/5/5,2021/2/4,bull,bull,0.9934,15,feature_knn_balanced_alpha1.0
2021/5/12,2021/2/11,bull,bull,0.86,15,feature_knn_balanced_alpha1.0
2021/5/19,2021/2/19,bull,bull,0.9785,15,feature_knn_balanced_alpha1.0
2021/5/26,2021/2/26,bull,bull,0.9957,15,feature_knn_balanced_alpha1.0
2021/6/3,2021/3/5,bull,bull,0.9976,15,feature_knn_balanced_alpha1.0
2021/6/10,2021/3/12,bull,bull,0.9975,15,feature_knn_balanced_alpha1.0
2021/6/17,2021/3/19,bull,bull,0.9981,15,feature_knn_balanced_alpha1.0
2021/6/24,2021/3/26,bull,bull,0.9988,15,feature_knn_balanced_alpha1.0
2021/7/1,2021/4/5,bull,bull,0.999,15,feature_knn_balanced_alpha1.0
2021/7/9,2021/4/12,bull,bull,0.9989,15,feature_knn_balanced_alpha1.0
2021/7/16,2021/4/19,bull,bull,0.9977,15,feature_knn_balanced_alpha1.0
2021/7/23,2021/4/26,bull,bull,0.9982,15,feature_knn_balanced_alpha1.0
2021/7/30,2021/5/3,bull,bull,0.9975,15,feature_knn_balanced_alpha1.0
2021/8/6,2021/5/10,bull,bull,0.9988,15,feature_knn_balanced_alpha1.0
2021/8/13,2021/5/17,bull,bull,0.9988,15,feature_knn_balanced_alpha1.0
2021/8/20,2021/5/24,bull,bull,0.998,15,feature_knn_balanced_alpha1.0
2021/8/27,2021/6/1,bull,bull,0.9992,15,feature_knn_balanced_alpha1.0
2021/9/3,2021/6/8,bull,bull,0.9993,15,feature_knn_balanced_alpha1.0
2021/9/13,2021/6/15,bull,bull,0.9977,15,feature_knn_balanced_alpha1.0
2021/9/20,2021/6/22,bull,bull,0.9825,15,feature_knn_balanced_alpha1.0
2021/9/27,2021/6/29,bull,bull,0.9962,15,feature_knn_balanced_alpha1.0
2021/10/4,2021/7/7,bull,bull,0.9664,15,feature_knn_balanced_alpha1.0
2021/10/11,2021/7/14,bull,bull,0.9828,15,feature_knn_balanced_alpha1.0
2021/10/18,2021/7/21,bull,bull,0.9926,15,feature_knn_balanced_alpha1.0
2021/10/25,2021/7/28,bull,bull,0.9963,15,feature_knn_balanced_alpha1.0
2021/11/1,2021/8/4,bull,bull,0.9971,15,feature_knn_balanced_alpha1.0
2021/11/8,2021/8/11,bull,bull,0.9981,15,feature_knn_balanced_alpha1.0
2021/11/15,2021/8/18,bull,bull,0.9984,15,feature_knn_balanced_alpha1.0
2021/11/22,2021/8/25,bull,bull,0.9969,15,feature_knn_balanced_alpha1.0
2021/11/30,2021/9/1,bull,bull,0.9573,15,feature_knn_balanced_alpha1.0
2021/12/7,2021/9/9,bull,bull,0.9746,15,feature_knn_balanced_alpha1.0
2021/12/14,2021/9/16,bull,bull,0.978,15,feature_knn_balanced_alpha1.0
2021/12/21,2021/9/23,bull,bull,0.9787,15,feature_knn_balanced_alpha1.0
2021/12/29,2021/9/30,bull,bull,0.9898,15,feature_knn_balanced_alpha1.0
2022/1/5,2021/10/7,bull,bull,0.9847,15,feature_knn_balanced_alpha1.0
2022/1/12,2021/10/14,bull,bull,0.9924,15,feature_knn_balanced_alpha1.0
2022/1/20,2021/10/21,bull,bull,0.9151,15,feature_knn_balanced_alpha1.0
2022/1/27,2021/10/28,bull,bull,0.5468,15,feature_knn_balanced_alpha1.0
2022/2/3,2021/11/4,bull,bull,0.7233,15,feature_knn_balanced_alpha1.0
2022/2/10,2021/11/11,bull,bull,0.7142,15,feature_knn_balanced_alpha1.0
2022/2/17,2021/11/18,bull,bull,0.5501,15,feature_knn_balanced_alpha1.0
2022/2/25,2021/11/26,bull,bull,0.4997,15,feature_knn_balanced_alpha1.0
2022/3/4,2021/12/3,bull,high_vol,0.5627,15,feature_knn_balanced_alpha1.0
2022/3/11,2021/12/10,bull,high_vol,0.5877,15,feature_knn_balanced_alpha1.0
2022/3/18,2021/12/17,bull,bull,0.4691,15,feature_knn_balanced_alpha1.0
2022/3/25,2021/12/27,bull,bull,0.719,15,feature_knn_balanced_alpha1.0
2022/4/1,2022/1/3,bull,bull,0.7861,15,feature_knn_balanced_alpha1.0
2022/4/8,2022/1/10,bull,bull,0.7444,15,feature_knn_balanced_alpha1.0
2022/4/18,2022/1/18,bull,bear,0.5168,15,feature_knn_balanced_alpha1.0
2022/4/25,2022/1/25,bull,high_vol,0.3835,15,feature_knn_balanced_alpha1.0
2022/5/2,2022/2/1,high_vol,high_vol,0.6318,15,feature_knn_balanced_alpha1.0
2022/5/9,2022/2/8,high_vol,high_vol,0.8152,15,feature_knn_balanced_alpha1.0
2022/5/16,2022/2/15,bull,high_vol,0.668,15,feature_knn_balanced_alpha1.0
2022/5/23,2022/2/23,bull,high_vol,0.6108,15,feature_knn_balanced_alpha1.0
2022/5/31,2022/3/2,bull,high_vol,0.5715,15,feature_knn_balanced_alpha1.0
2022/6/7,2022/3/9,bull,bear,0.5656,15,feature_knn_balanced_alpha1.0
2022/6/14,2022/3/16,bull,high_vol,0.5025,15,feature_knn_balanced_alpha1.0
2022/6/22,2022/3/23,bear,high_vol,0.4111,15,feature_knn_balanced_alpha1.0
2022/6/29,2022/3/30,bull,bear,0.5362,15,feature_knn_balanced_alpha1.0
2022/7/7,2022/4/6,bull,bear,0.4012,15,feature_knn_balanced_alpha1.0
2022/7/14,2022/4/13,bear,bear,0.6271,15,feature_knn_balanced_alpha1.0
2022/7/21,2022/4/21,bull,bear,0.6363,15,feature_knn_balanced_alpha1.0
2022/7/28,2022/4/28,bull,bear,0.4503,15,feature_knn_balanced_alpha1.0
2022/8/4,2022/5/5,bull,bear,0.4195,15,feature_knn_balanced_alpha1.0
2022/8/11,2022/5/12,bull,bull,0.5158,15,feature_knn_balanced_alpha1.0
2022/8/18,2022/5/19,bull,bull,0.5144,15,feature_knn_balanced_alpha1.0
2022/8/25,2022/5/26,bull,bear,0.4335,15,feature_knn_balanced_alpha1.0
2022/9/1,2022/6/3,bull,high_vol,0.4582,15,feature_knn_balanced_alpha1.0
2022/9/9,2022/6/10,bull,bear,0.393,15,feature_knn_balanced_alpha1.0
2022/9/16,2022/6/17,bull,high_vol,0.4608,15,feature_knn_balanced_alpha1.0
2022/9/23,2022/6/27,bear,bear,0.5858,15,feature_knn_balanced_alpha1.0
2022/9/30,2022/7/5,bull,bear,0.8443,15,feature_knn_balanced_alpha1.0
2022/10/7,2022/7/12,bull,bear,0.6861,15,feature_knn_balanced_alpha1.0
2022/10/14,2022/7/19,bull,bear,0.5626,15,feature_knn_balanced_alpha1.0
2022/10/21,2022/7/26,bear,bear,0.7016,15,feature_knn_balanced_alpha1.0
2022/10/28,2022/8/2,bull,bear,0.8434,15,feature_knn_balanced_alpha1.0
2022/11/4,2022/8/9,bear,bear,0.921,15,feature_knn_balanced_alpha1.0
2022/11/11,2022/8/16,bull,bear,0.5625,15,feature_knn_balanced_alpha1.0
2022/11/18,2022/8/23,bull,bear,0.784,15,feature_knn_balanced_alpha1.0
2022/11/28,2022/8/30,bull,bear,0.7278,15,feature_knn_balanced_alpha1.0
2022/12/5,2022/9/7,bull,bull,0.503,15,feature_knn_balanced_alpha1.0
2022/12/12,2022/9/14,bull,bull,0.5124,15,feature_knn_balanced_alpha1.0
2022/12/19,2022/9/21,bull,bull,0.5232,15,feature_knn_balanced_alpha1.0
2022/12/27,2022/9/28,bull,bull,0.661,15,feature_knn_balanced_alpha1.0
2023/1/4,2022/10/5,bull,bull,0.7825,15,feature_knn_balanced_alpha1.0
2023/1/11,2022/10/12,bull,bull,0.604,15,feature_knn_balanced_alpha1.0
2023/1/19,2022/10/19,bull,bull,0.7484,15,feature_knn_balanced_alpha1.0
2023/1/26,2022/10/26,bull,bull,0.6498,15,feature_knn_balanced_alpha1.0
2023/2/2,2022/11/2,bull,bull,0.8095,15,feature_knn_balanced_alpha1.0
2023/2/9,2022/11/9,bull,bull,0.8319,15,feature_knn_balanced_alpha1.0
2023/2/16,2022/11/16,bull,bull,0.7502,15,feature_knn_balanced_alpha1.0
2023/2/24,2022/11/23,bull,bear,0.4527,15,feature_knn_balanced_alpha1.0
2023/3/3,2022/12/1,bull,bull,0.6637,15,feature_knn_balanced_alpha1.0
2023/3/10,2022/12/8,bull,bear,0.5666,15,feature_knn_balanced_alpha1.0
2023/3/17,2022/12/15,bull,bear,0.3419,15,feature_knn_balanced_alpha1.0
2023/3/24,2022/12/22,bull,bull,0.6254,15,feature_knn_balanced_alpha1.0
2023/3/31,2022/12/30,bull,bull,0.758,15,feature_knn_balanced_alpha1.0
2023/4/10,2023/1/9,bull,bull,0.8065,15,feature_knn_balanced_alpha1.0
2023/4/17,2023/1/17,bull,bull,0.889,15,feature_knn_balanced_alpha1.0
2023/4/24,2023/1/24,bull,bull,0.9497,15,feature_knn_balanced_alpha1.0
2023/5/1,2023/1/31,bull,bull,0.9508,15,feature_knn_balanced_alpha1.0
2023/5/8,2023/2/7,bull,bull,0.9066,15,feature_knn_balanced_alpha1.0
2023/5/15,2023/2/14,bull,bull,0.9278,15,feature_knn_balanced_alpha1.0
2023/5/22,2023/2/22,bull,bull,0.9535,15,feature_knn_balanced_alpha1.0
2023/5/30,2023/3/1,bull,bull,0.9705,15,feature_knn_balanced_alpha1.0
2023/6/6,2023/3/8,bull,bull,0.984,15,feature_knn_balanced_alpha1.0
2023/6/13,2023/3/15,bull,bull,0.9917,15,feature_knn_balanced_alpha1.0
2023/6/21,2023/3/22,bull,bull,0.9942,15,feature_knn_balanced_alpha1.0
2023/6/28,2023/3/29,bull,bull,0.9961,15,feature_knn_balanced_alpha1.0
2023/7/6,2023/4/5,bull,bull,0.993,15,feature_knn_balanced_alpha1.0
2023/7/13,2023/4/13,bull,bull,0.9976,15,feature_knn_balanced_alpha1.0
2023/7/20,2023/4/20,bull,bull,0.9981,15,feature_knn_balanced_alpha1.0
2023/7/27,2023/4/27,bull,bull,0.9985,15,feature_knn_balanced_alpha1.0
2023/8/3,2023/5/4,bull,bull,0.9975,15,feature_knn_balanced_alpha1.0
2023/8/10,2023/5/11,bull,bull,0.9948,15,feature_knn_balanced_alpha1.0
2023/8/17,2023/5/18,bull,bull,0.9692,15,feature_knn_balanced_alpha1.0
2023/8/24,2023/5/25,bull,bull,0.9812,15,feature_knn_balanced_alpha1.0
2023/8/31,2023/6/2,bull,bull,0.9905,15,feature_knn_balanced_alpha1.0
2023/9/8,2023/6/9,bull,bull,0.9915,15,feature_knn_balanced_alpha1.0
2023/9/15,2023/6/16,bull,bull,0.991,15,feature_knn_balanced_alpha1.0
2023/9/22,2023/6/26,bull,bull,0.9681,15,feature_knn_balanced_alpha1.0
2023/9/29,2023/7/3,bull,bull,0.9587,15,feature_knn_balanced_alpha1.0
2023/10/6,2023/7/11,bull,bull,0.9743,15,feature_knn_balanced_alpha1.0
2023/10/13,2023/7/18,bull,bull,0.9679,15,feature_knn_balanced_alpha1.0
2023/10/20,2023/7/25,bull,bull,0.9213,15,feature_knn_balanced_alpha1.0
2023/10/27,2023/8/1,bull,bull,0.5796,15,feature_knn_balanced_alpha1.0
2023/11/3,2023/8/8,bull,bull,0.9603,15,feature_knn_balanced_alpha1.0
2023/11/10,2023/8/15,bull,bull,0.9809,15,feature_knn_balanced_alpha1.0
2023/11/17,2023/8/22,bull,bull,0.9783,15,feature_knn_balanced_alpha1.0
2023/11/27,2023/8/29,bull,bull,0.9827,15,feature_knn_balanced_alpha1.0
2023/12/4,2023/9/6,bull,bull,0.9877,15,feature_knn_balanced_alpha1.0
2023/12/11,2023/9/13,bull,bull,0.9933,15,feature_knn_balanced_alpha1.0
2023/12/18,2023/9/20,bull,bull,0.9957,15,feature_knn_balanced_alpha1.0
2023/12/26,2023/9/27,bull,bull,0.9969,15,feature_knn_balanced_alpha1.0
2024/1/3,2023/10/4,bull,bull,0.9955,15,feature_knn_balanced_alpha1.0
2024/1/10,2023/10/11,bull,bull,0.9977,15,feature_knn_balanced_alpha1.0
2024/1/18,2023/10/18,bull,bull,0.9978,15,feature_knn_balanced_alpha1.0
2024/1/25,2023/10/25,bull,bull,0.9986,15,feature_knn_balanced_alpha1.0
2024/2/1,2023/11/1,bull,bull,0.9989,15,feature_knn_balanced_alpha1.0
2024/2/8,2023/11/8,bull,bull,0.9993,15,feature_knn_balanced_alpha1.0
2024/2/15,2023/11/15,bull,bull,0.999,15,feature_knn_balanced_alpha1.0
2024/2/23,2023/11/22,bull,bull,0.999,15,feature_knn_balanced_alpha1.0
2024/3/1,2023/11/30,bull,bull,0.9995,15,feature_knn_balanced_alpha1.0
2024/3/8,2023/12/7,bull,bull,0.9988,15,feature_knn_balanced_alpha1.0
2024/3/15,2023/12/14,bull,bull,0.9977,15,feature_knn_balanced_alpha1.0
2024/3/22,2023/12/21,bull,bull,0.9992,15,feature_knn_balanced_alpha1.0
2024/4/1,2023/12/29,bull,bull,0.9993,15,feature_knn_balanced_alpha1.0
2024/4/8,2024/1/8,bull,bull,0.9989,15,feature_knn_balanced_alpha1.0
2024/4/15,2024/1/16,bull,bull,0.9878,15,feature_knn_balanced_alpha1.0
2024/4/22,2024/1/23,bull,bull,0.9811,15,feature_knn_balanced_alpha1.0
2024/4/29,2024/1/30,bull,bull,0.9879,15,feature_knn_balanced_alpha1.0
2024/5/6,2024/2/6,bull,bull,0.9936,15,feature_knn_balanced_alpha1.0
2024/5/13,2024/2/13,bull,bull,0.9956,15,feature_knn_balanced_alpha1.0
2024/5/20,2024/2/21,bull,bull,0.9974,15,feature_knn_balanced_alpha1.0
2024/5/28,2024/2/28,bull,bull,0.9976,15,feature_knn_balanced_alpha1.0
2024/6/4,2024/3/6,bull,bull,0.9967,15,feature_knn_balanced_alpha1.0
2024/6/11,2024/3/13,bull,bull,0.9983,15,feature_knn_balanced_alpha1.0
2024/6/18,2024/3/20,bull,bull,0.9986,15,feature_knn_balanced_alpha1.0
2024/6/26,2024/3/27,bull,bull,0.999,15,feature_knn_balanced_alpha1.0
2024/7/3,2024/4/4,bull,bull,0.9991,15,feature_knn_balanced_alpha1.0
2024/7/11,2024/4/11,bull,bull,0.9988,15,feature_knn_balanced_alpha1.0
2024/7/18,2024/4/18,bull,bull,0.9983,15,feature_knn_balanced_alpha1.0
2024/7/25,2024/4/25,bull,bull,0.9854,15,feature_knn_balanced_alpha1.0
2024/8/1,2024/5/2,bull,bull,0.9805,15,feature_knn_balanced_alpha1.0
2024/8/8,2024/5/9,bull,bull,0.5247,15,feature_knn_balanced_alpha1.0
2024/8/15,2024/5/16,bull,bull,0.8852,15,feature_knn_balanced_alpha1.0
2024/8/22,2024/5/23,bull,bull,0.9335,15,feature_knn_balanced_alpha1.0
2024/8/29,2024/5/31,bull,bull,0.9688,15,feature_knn_balanced_alpha1.0
2024/9/6,2024/6/7,bull,bull,0.802,15,feature_knn_balanced_alpha1.0
2024/9/13,2024/6/14,bull,bull,0.9577,15,feature_knn_balanced_alpha1.0
2024/9/20,2024/6/24,bull,bull,0.9767,15,feature_knn_balanced_alpha1.0
2024/9/27,2024/7/1,bull,bull,0.9793,15,feature_knn_balanced_alpha1.0
2024/10/4,2024/7/9,bull,bull,0.9542,15,feature_knn_balanced_alpha1.0
2024/10/11,2024/7/16,bull,bull,0.9493,15,feature_knn_balanced_alpha1.0
2024/10/18,2024/7/23,bull,bull,0.9802,15,feature_knn_balanced_alpha1.0
2024/10/25,2024/7/30,bull,bull,0.973,15,feature_knn_balanced_alpha1.0
2024/11/1,2024/8/6,bull,bull,0.9766,15,feature_knn_balanced_alpha1.0
2024/11/8,2024/8/13,bull,bull,0.9904,15,feature_knn_balanced_alpha1.0
2024/11/15,2024/8/20,bull,bull,0.9762,15,feature_knn_balanced_alpha1.0
2024/11/22,2024/8/27,bull,bull,0.99,15,feature_knn_balanced_alpha1.0
2024/12/2,2024/9/4,bull,bull,0.9965,15,feature_knn_balanced_alpha1.0
2024/12/9,2024/9/11,bull,bull,0.998,15,feature_knn_balanced_alpha1.0
2024/12/16,2024/9/18,bull,bull,0.9983,15,feature_knn_balanced_alpha1.0
2024/12/23,2024/9/25,bull,bull,0.9906,15,feature_knn_balanced_alpha1.0
2024/12/31,2024/10/2,bull,bull,0.982,15,feature_knn_balanced_alpha1.0
2025/1/8,2024/10/9,bull,bull,0.9869,15,feature_knn_balanced_alpha1.0
2025/1/16,2024/10/16,bull,bull,0.9853,15,feature_knn_balanced_alpha1.0
2025/1/24,2024/10/23,bull,bull,0.9938,15,feature_knn_balanced_alpha1.0
2025/1/31,2024/10/30,bull,bull,0.9904,15,feature_knn_balanced_alpha1.0
2025/2/7,2024/11/6,bull,bull,0.9922,15,feature_knn_balanced_alpha1.0
2025/2/14,2024/11/13,bull,bull,0.9968,15,feature_knn_balanced_alpha1.0
2025/2/24,2024/11/20,bull,bull,0.9833,15,feature_knn_balanced_alpha1.0
2025/3/3,2024/11/27,bull,bull,0.8735,15,feature_knn_balanced_alpha1.0
2025/3/10,2024/12/5,bull,bear,0.4268,15,feature_knn_balanced_alpha1.0
2025/3/17,2024/12/12,bull,bear,0.5782,15,feature_knn_balanced_alpha1.0
2025/3/24,2024/12/19,bull,bull,0.6331,15,feature_knn_balanced_alpha1.0
2025/3/31,2024/12/27,bull,bear,0.7567,15,feature_knn_balanced_alpha1.0
2025/4/7,2025/1/6,high_vol,high_vol,0.7092,15,feature_knn_balanced_alpha1.0
2025/4/14,2025/1/14,high_vol,high_vol,0.7576,15,feature_knn_balanced_alpha1.0
2025/4/22,2025/1/22,high_vol,high_vol,0.9136,15,feature_knn_balanced_alpha1.0
2025/4/29,2025/1/29,bull,high_vol,0.9378,15,feature_knn_balanced_alpha1.0
2025/5/6,2025/2/5,bull,bear,0.4315,15,feature_knn_balanced_alpha1.0
2025/5/13,2025/2/12,bull,bear,0.6343,15,feature_knn_balanced_alpha1.0
2025/5/20,2025/2/20,bull,bull,0.6254,15,feature_knn_balanced_alpha1.0
2025/5/28,2025/2/27,bull,bear,0.4698,15,feature_knn_balanced_alpha1.0
2025/6/4,2025/3/6,bull,bull,0.7726,15,feature_knn_balanced_alpha1.0
2025/6/11,2025/3/13,bull,bull,0.7432,15,feature_knn_balanced_alpha1.0
2025/6/18,2025/3/20,bull,bull,0.7753,15,feature_knn_balanced_alpha1.0
2025/6/26,2025/3/27,bull,bull,0.9633,15,feature_knn_balanced_alpha1.0
2025/7/3,2025/4/3,bull,bull,0.95,15,feature_knn_balanced_alpha1.0
2025/7/11,2025/4/10,bull,bull,0.995,15,feature_knn_balanced_alpha1.0
2025/7/18,2025/4/17,bull,bull,0.9987,15,feature_knn_balanced_alpha1.0
2025/7/25,2025/4/25,bull,bull,0.9988,15,feature_knn_balanced_alpha1.0
2025/8/1,2025/5/2,bull,bull,0.9879,15,feature_knn_balanced_alpha1.0
2025/8/8,2025/5/9,bull,bull,0.9975,15,feature_knn_balanced_alpha1.0
2025/8/15,2025/5/16,bull,bull,0.9976,15,feature_knn_balanced_alpha1.0
2025/8/22,2025/5/23,bull,bull,0.9984,15,feature_knn_balanced_alpha1.0
2025/8/29,2025/6/2,bull,bull,0.9972,15,feature_knn_balanced_alpha1.0
2025/9/8,2025/6/9,bull,bull,0.9979,15,feature_knn_balanced_alpha1.0
2025/9/15,2025/6/16,bull,bull,0.9986,15,feature_knn_balanced_alpha1.0
2025/9/22,2025/6/24,bull,bull,0.9987,15,feature_knn_balanced_alpha1.0
2025/9/29,2025/7/1,bull,bull,0.9985,15,feature_knn_balanced_alpha1.0
2025/10/6,2025/7/9,bull,bull,0.9989,15,feature_knn_balanced_alpha1.0
2025/10/13,2025/7/16,bull,bull,0.9832,15,feature_knn_balanced_alpha1.0
2025/10/20,2025/7/23,bull,bull,0.9883,15,feature_knn_balanced_alpha1.0
2025/10/27,2025/7/30,bull,bull,0.994,15,feature_knn_balanced_alpha1.0
2025/11/3,2025/8/6,bull,bull,0.9956,15,feature_knn_balanced_alpha1.0
2025/11/10,2025/8/13,bull,bull,0.9937,15,feature_knn_balanced_alpha1.0
2025/11/17,2025/8/20,bull,bull,0.9686,15,feature_knn_balanced_alpha1.0
2025/11/24,2025/8/27,bull,bull,0.9519,15,feature_knn_balanced_alpha1.0
2025/12/2,2025/9/4,bull,bull,0.9821,15,feature_knn_balanced_alpha1.0
2025/12/9,2025/9/11,bull,bull,0.9879,15,feature_knn_balanced_alpha1.0
2025/12/16,2025/9/18,bull,bull,0.9797,15,feature_knn_balanced_alpha1.0
2025/12/23,2025/9/25,bull,bull,0.9928,15,feature_knn_balanced_alpha1.0
