date,window_start,true_label,pred_label,confidence,n_retrieved,method
2008-01-07,2007-10-08,bear,bull,1.0,5,rule_based_temporal_rag
2008-01-14,2007-10-15,bear,bull,1.0,5,rule_based_temporal_rag
2008-01-22,2007-10-22,bull,bull,1.0,5,rule_based_temporal_rag
2008-01-29,2007-10-29,bear,bull,1.0,5,rule_based_temporal_rag
2008-02-05,2007-11-05,bear,bull,1.0,5,rule_based_temporal_rag
2008-02-12,2007-11-12,bear,bull,1.0,5,rule_based_temporal_rag
2008-02-20,2007-11-19,bear,bull,1.0,5,rule_based_temporal_rag
2008-02-27,2007-11-27,bear,bull,1.0,5,rule_based_temporal_rag
2008-03-05,2007-12-04,bear,bull,1.0,5,rule_based_temporal_rag
2008-03-12,2007-12-11,bear,bull,1.0,5,rule_based_temporal_rag
2008-03-19,2007-12-18,bear,bull,1.0,5,rule_based_temporal_rag
2008-03-27,2007-12-26,bear,bull,1.0,5,rule_based_temporal_rag
2008-04-03,2008-01-03,bear,bull,1.0,5,rule_based_temporal_rag
2008-04-10,2008-01-10,bear,bull,1.0,5,rule_based_temporal_rag
2008-04-17,2008-01-17,bull,bull,1.0,5,rule_based_temporal_rag
2008-04-24,2008-01-25,bull,bull,1.0,5,rule_based_temporal_rag
2008-05-01,2008-02-01,bull,bull,1.0,5,rule_based_temporal_rag
2008-05-08,2008-02-08,bull,bull,1.0,5,rule_based_temporal_rag
2008-05-15,2008-02-15,bull,bull,1.0,5,rule_based_temporal_rag
2008-05-22,2008-02-25,bull,bull,1.0,5,rule_based_temporal_rag
2008-05-30,2008-03-03,bull,bull,1.0,5,rule_based_temporal_rag
2008-06-06,2008-03-10,bull,bull,1.0,5,rule_based_temporal_rag
2008-06-13,2008-03-17,bull,bull,1.0,5,rule_based_temporal_rag
2008-06-20,2008-03-25,bear,bull,1.0,5,rule_based_temporal_rag
2008-06-27,2008-04-01,bear,bull,1.0,5,rule_based_temporal_rag
2008-07-07,2008-04-08,bear,bull,1.0,5,rule_based_temporal_rag
2008-07-14,2008-04-15,bear,bull,1.0,5,rule_based_temporal_rag
2008-07-21,2008-04-22,bear,bull,1.0,5,rule_based_temporal_rag
2008-07-28,2008-04-29,bear,bull,1.0,5,rule_based_temporal_rag
2008-08-04,2008-05-06,bear,bull,1.0,5,rule_based_temporal_rag
2008-08-11,2008-05-13,bear,bull,1.0,5,rule_based_temporal_rag
2008-08-18,2008-05-20,bear,bull,0.8,5,rule_based_temporal_rag
2008-08-25,2008-05-28,bear,bull,1.0,5,rule_based_temporal_rag
2008-09-02,2008-06-04,bear,bull,1.0,5,rule_based_temporal_rag
2008-09-09,2008-06-11,bear,bull,1.0,5,rule_based_temporal_rag
2008-09-16,2008-06-18,bear,bull,1.0,5,rule_based_temporal_rag
2008-09-23,2008-06-25,bear,bull,1.0,5,rule_based_temporal_rag
2008-09-30,2008-07-02,bear,bull,1.0,5,rule_based_temporal_rag
2008-10-07,2008-07-10,bear,bull,1.0,5,rule_based_temporal_rag
2008-10-14,2008-07-17,bear,bull,1.0,5,rule_based_temporal_rag
2008-10-21,2008-07-24,bear,bull,1.0,5,rule_based_temporal_rag
2008-10-28,2008-07-31,bear,bull,1.0,5,rule_based_temporal_rag
2008-11-04,2008-08-07,bear,bull,0.8,5,rule_based_temporal_rag
2008-11-11,2008-08-14,bear,bull,0.6,5,rule_based_temporal_rag
2008-11-18,2008-08-21,bear,bull,0.8,5,rule_based_temporal_rag
2008-11-25,2008-08-28,bear,bull,1.0,5,rule_based_temporal_rag
2008-12-03,2008-09-05,bear,bull,1.0,5,rule_based_temporal_rag
2008-12-10,2008-09-12,bear,bull,0.8,5,rule_based_temporal_rag
2008-12-17,2008-09-19,bear,bull,0.6,5,rule_based_temporal_rag
2008-12-24,2008-09-26,bear,bull,1.0,5,rule_based_temporal_rag
2009-01-02,2008-10-03,bear,bull,1.0,5,rule_based_temporal_rag
2009-01-09,2008-10-10,bear,bull,1.0,5,rule_based_temporal_rag
2009-01-16,2008-10-17,bear,bull,1.0,5,rule_based_temporal_rag
2009-01-26,2008-10-24,bear,bull,0.8,5,rule_based_temporal_rag
2009-02-02,2008-10-31,bear,bull,1.0,5,rule_based_temporal_rag
2009-02-09,2008-11-07,bear,bull,1.0,5,rule_based_temporal_rag
2009-02-17,2008-11-14,bear,bull,1.0,5,rule_based_temporal_rag
2009-02-24,2008-11-21,bear,bull,1.0,5,rule_based_temporal_rag
2009-03-03,2008-12-01,bear,bull,1.0,5,rule_based_temporal_rag
2009-03-10,2008-12-08,bear,bull,1.0,5,rule_based_temporal_rag
2009-03-17,2008-12-15,bear,bull,1.0,5,rule_based_temporal_rag
2009-03-24,2008-12-22,bear,bull,1.0,5,rule_based_temporal_rag
2009-03-31,2008-12-30,bear,bull,1.0,5,rule_based_temporal_rag
2009-04-07,2009-01-07,bear,bull,1.0,5,rule_based_temporal_rag
2009-04-15,2009-01-14,bear,bull,1.0,5,rule_based_temporal_rag
2009-04-22,2009-01-22,bear,bull,0.8,5,rule_based_temporal_rag
2009-04-29,2009-01-29,bear,bull,1.0,5,rule_based_temporal_rag
2009-05-06,2009-02-05,bear,bull,1.0,5,rule_based_temporal_rag
2009-05-13,2009-02-12,bear,bull,1.0,5,rule_based_temporal_rag
2009-05-20,2009-02-20,bear,bull,1.0,5,rule_based_temporal_rag
2009-05-28,2009-02-27,bear,bull,1.0,5,rule_based_temporal_rag
2009-06-04,2009-03-06,bear,bull,1.0,5,rule_based_temporal_rag
2009-06-11,2009-03-13,bear,bull,0.8,5,rule_based_temporal_rag
2009-06-18,2009-03-20,bear,bull,1.0,5,rule_based_temporal_rag
2009-06-25,2009-03-27,bear,bull,1.0,5,rule_based_temporal_rag
2009-07-02,2009-04-03,bull,bull,0.8,5,rule_based_temporal_rag
2009-07-10,2009-04-13,bull,bull,1.0,5,rule_based_temporal_rag
2009-07-17,2009-04-20,bull,bull,1.0,5,rule_based_temporal_rag
2009-07-24,2009-04-27,bull,bull,1.0,5,rule_based_temporal_rag
2009-07-31,2009-05-04,bull,bull,1.0,5,rule_based_temporal_rag
2009-08-07,2009-05-11,bull,bull,1.0,5,rule_based_temporal_rag
2009-08-14,2009-05-18,bull,bull,0.6,5,rule_based_temporal_rag
2009-08-21,2009-05-26,bull,bull,1.0,5,rule_based_temporal_rag
2009-08-28,2009-06-02,bull,bull,0.6,5,rule_based_temporal_rag
2009-09-04,2009-06-09,bull,bull,1.0,5,rule_based_temporal_rag
2009-09-14,2009-06-16,bull,bull,0.8,5,rule_based_temporal_rag
2009-09-21,2009-06-23,bull,bull,1.0,5,rule_based_temporal_rag
2009-09-28,2009-06-30,bull,bull,1.0,5,rule_based_temporal_rag
2009-10-05,2009-07-08,bull,bull,0.8,5,rule_based_temporal_rag
2009-10-12,2009-07-15,bull,bull,0.8,5,rule_based_temporal_rag
2009-10-19,2009-07-22,bull,bull,0.8,5,rule_based_temporal_rag
2009-10-26,2009-07-29,bull,bull,0.8,5,rule_based_temporal_rag
2009-11-02,2009-08-05,bull,bull,0.8,5,rule_based_temporal_rag
2009-11-09,2009-08-12,bull,bull,1.0,5,rule_based_temporal_rag
2009-11-16,2009-08-19,bull,bull,1.0,5,rule_based_temporal_rag
2009-11-23,2009-08-26,bull,bull,1.0,5,rule_based_temporal_rag
2009-12-01,2009-09-02,bull,bull,1.0,5,rule_based_temporal_rag
2009-12-08,2009-09-10,bull,bull,0.8,5,rule_based_temporal_rag
2009-12-15,2009-09-17,bull,bull,0.8,5,rule_based_temporal_rag
2009-12-22,2009-09-24,bull,bull,1.0,5,rule_based_temporal_rag
2009-12-30,2009-10-01,bull,bull,0.8,5,rule_based_temporal_rag
2010-01-07,2009-10-08,bull,bull,1.0,5,rule_based_temporal_rag
2010-01-14,2009-10-15,bull,bull,1.0,5,rule_based_temporal_rag
2010-01-22,2009-10-22,bull,bull,1.0,5,rule_based_temporal_rag
2010-01-29,2009-10-29,bull,bull,1.0,5,rule_based_temporal_rag
2010-02-05,2009-11-05,bull,bull,1.0,5,rule_based_temporal_rag
2010-02-12,2009-11-12,bull,bull,0.8,5,rule_based_temporal_rag
2010-02-22,2009-11-19,bull,bull,1.0,5,rule_based_temporal_rag
2010-03-01,2009-11-27,bull,bull,1.0,5,rule_based_temporal_rag
2010-03-08,2009-12-04,bull,bull,1.0,5,rule_based_temporal_rag
2010-03-15,2009-12-11,bull,bull,0.8,5,rule_based_temporal_rag
2010-03-22,2009-12-18,bull,bull,1.0,5,rule_based_temporal_rag
2010-03-29,2009-12-28,bull,bull,0.8,5,rule_based_temporal_rag
2010-04-06,2010-01-05,bull,bull,0.8,5,rule_based_temporal_rag
2010-04-13,2010-01-12,bull,bull,1.0,5,rule_based_temporal_rag
2010-04-20,2010-01-20,bull,bull,1.0,5,rule_based_temporal_rag
2010-04-27,2010-01-27,bull,bull,1.0,5,rule_based_temporal_rag
2010-05-04,2010-02-03,bull,bull,0.8,5,rule_based_temporal_rag
2010-05-11,2010-02-10,bull,bull,1.0,5,rule_based_temporal_rag
2010-05-18,2010-02-18,high_vol,bull,1.0,5,rule_based_temporal_rag
2010-05-25,2010-02-25,high_vol,bull,1.0,5,rule_based_temporal_rag
2010-06-02,2010-03-04,high_vol,bull,0.8,5,rule_based_temporal_rag
2010-06-09,2010-03-11,high_vol,bull,1.0,5,rule_based_temporal_rag
2010-06-16,2010-03-18,bull,bull,1.0,5,rule_based_temporal_rag
2010-06-23,2010-03-25,bull,bull,1.0,5,rule_based_temporal_rag
2010-06-30,2010-04-01,bull,bull,1.0,5,rule_based_temporal_rag
2010-07-08,2010-04-09,bull,bull,1.0,5,rule_based_temporal_rag
2010-07-15,2010-04-16,bull,bull,1.0,5,rule_based_temporal_rag
2010-07-22,2010-04-23,bull,bull,1.0,5,rule_based_temporal_rag
2010-07-29,2010-04-30,bull,bull,1.0,5,rule_based_temporal_rag
2010-08-05,2010-05-07,bull,bull,1.0,5,rule_based_temporal_rag
2010-08-12,2010-05-14,bull,bull,1.0,5,rule_based_temporal_rag
2010-08-19,2010-05-21,bull,bull,1.0,5,rule_based_temporal_rag
2010-08-26,2010-05-28,bull,bull,0.8,5,rule_based_temporal_rag
2010-09-02,2010-06-07,bull,bull,1.0,5,rule_based_temporal_rag
2010-09-10,2010-06-14,bull,bull,1.0,5,rule_based_temporal_rag
2010-09-17,2010-06-21,bull,bull,0.8,5,rule_based_temporal_rag
2010-09-24,2010-06-28,bull,bull,1.0,5,rule_based_temporal_rag
2010-10-01,2010-07-06,bull,bull,0.8,5,rule_based_temporal_rag
2010-10-08,2010-07-13,bull,bull,0.8,5,rule_based_temporal_rag
2010-10-15,2010-07-20,bull,bull,1.0,5,rule_based_temporal_rag
2010-10-22,2010-07-27,bull,bull,1.0,5,rule_based_temporal_rag
2010-10-29,2010-08-03,bull,bull,1.0,5,rule_based_temporal_rag
2010-11-05,2010-08-10,bull,bull,1.0,5,rule_based_temporal_rag
2010-11-12,2010-08-17,bull,bull,1.0,5,rule_based_temporal_rag
2010-11-19,2010-08-24,bull,bull,0.6,5,rule_based_temporal_rag
2010-11-29,2010-08-31,bull,bull,1.0,5,rule_based_temporal_rag
2010-12-06,2010-09-08,bull,bull,0.6,5,rule_based_temporal_rag
2010-12-13,2010-09-15,bull,bull,1.0,5,rule_based_temporal_rag
2010-12-20,2010-09-22,bull,bull,1.0,5,rule_based_temporal_rag
2010-12-28,2010-09-29,bull,bull,1.0,5,rule_based_temporal_rag
2011-01-04,2010-10-06,bull,bull,0.8,5,rule_based_temporal_rag
2011-01-11,2010-10-13,bull,bull,1.0,5,rule_based_temporal_rag
2011-01-19,2010-10-20,bull,bull,1.0,5,rule_based_temporal_rag
2011-01-26,2010-10-27,bull,bull,1.0,5,rule_based_temporal_rag
2011-02-02,2010-11-03,bull,bull,0.6,5,rule_based_temporal_rag
2011-02-09,2010-11-10,bull,bull,0.8,5,rule_based_temporal_rag
2011-02-16,2010-11-17,bull,bull,1.0,5,rule_based_temporal_rag
2011-02-24,2010-11-24,bull,bull,0.8,5,rule_based_temporal_rag
2011-03-03,2010-12-02,bull,bull,1.0,5,rule_based_temporal_rag
2011-03-10,2010-12-09,bull,bull,1.0,5,rule_based_temporal_rag
2011-03-17,2010-12-16,bull,bull,0.8,5,rule_based_temporal_rag
2011-03-24,2010-12-23,bull,bull,1.0,5,rule_based_temporal_rag
2011-03-31,2010-12-31,bull,bull,0.8,5,rule_based_temporal_rag
2011-04-07,2011-01-07,bull,bull,1.0,5,rule_based_temporal_rag
2011-04-14,2011-01-14,bull,bull,1.0,5,rule_based_temporal_rag
2011-04-21,2011-01-24,bull,bull,1.0,5,rule_based_temporal_rag
2011-04-29,2011-01-31,bull,bull,0.8,5,rule_based_temporal_rag
2011-05-06,2011-02-07,bull,bull,1.0,5,rule_based_temporal_rag
2011-05-13,2011-02-14,bull,bull,0.8,5,rule_based_temporal_rag
2011-05-20,2011-02-22,bull,bull,1.0,5,rule_based_temporal_rag
2011-05-27,2011-03-01,bull,bull,1.0,5,rule_based_temporal_rag
2011-06-06,2011-03-08,bull,bull,0.8,5,rule_based_temporal_rag
2011-06-13,2011-03-15,bull,bull,1.0,5,rule_based_temporal_rag
2011-06-20,2011-03-22,bull,bull,1.0,5,rule_based_temporal_rag
2011-06-27,2011-03-29,bull,bull,1.0,5,rule_based_temporal_rag
2011-07-05,2011-04-05,bull,bull,1.0,5,rule_based_temporal_rag
2011-07-12,2011-04-12,bull,bull,1.0,5,rule_based_temporal_rag
2011-07-19,2011-04-19,bull,bull,1.0,5,rule_based_temporal_rag
2011-07-26,2011-04-27,bull,bull,1.0,5,rule_based_temporal_rag
2011-08-02,2011-05-04,bull,bull,1.0,5,rule_based_temporal_rag
2011-08-09,2011-05-11,high_vol,bull,0.8,5,rule_based_temporal_rag
2011-08-16,2011-05-18,high_vol,bull,1.0,5,rule_based_temporal_rag
2011-08-23,2011-05-25,high_vol,bull,0.6,5,rule_based_temporal_rag
2011-08-30,2011-06-02,high_vol,bull,1.0,5,rule_based_temporal_rag
2011-09-07,2011-06-09,high_vol,bull,0.8,5,rule_based_temporal_rag
2011-09-14,2011-06-16,high_vol,bull,0.8,5,rule_based_temporal_rag
2011-09-21,2011-06-23,high_vol,bull,1.0,5,rule_based_temporal_rag
2011-09-28,2011-06-30,high_vol,bull,1.0,5,rule_based_temporal_rag
2011-10-05,2011-07-08,high_vol,bull,0.8,5,rule_based_temporal_rag
2011-10-12,2011-07-15,high_vol,bull,1.0,5,rule_based_temporal_rag
2011-10-19,2011-07-22,high_vol,bull,1.0,5,rule_based_temporal_rag
2011-10-26,2011-07-29,bull,bull,1.0,5,rule_based_temporal_rag
2011-11-02,2011-08-05,high_vol,bull,0.8,5,rule_based_temporal_rag
2011-11-09,2011-08-12,high_vol,bull,0.8,5,rule_based_temporal_rag
2011-11-16,2011-08-19,high_vol,bull,1.0,5,rule_based_temporal_rag
2011-11-23,2011-08-26,high_vol,bull,0.8,5,rule_based_temporal_rag
2011-12-01,2011-09-02,bull,bull,0.6,5,rule_based_temporal_rag
2011-12-08,2011-09-12,high_vol,bull,1.0,5,rule_based_temporal_rag
2011-12-15,2011-09-19,bull,bull,1.0,5,rule_based_temporal_rag
2011-12-22,2011-09-26,bull,bull,1.0,5,rule_based_temporal_rag
2011-12-30,2011-10-03,bull,bull,1.0,5,rule_based_temporal_rag
2012-01-09,2011-10-10,bull,bull,1.0,5,rule_based_temporal_rag
2012-01-17,2011-10-17,bull,bull,1.0,5,rule_based_temporal_rag
2012-01-24,2011-10-24,bull,bull,0.8,5,rule_based_temporal_rag
2012-01-31,2011-10-31,bull,bull,1.0,5,rule_based_temporal_rag
2012-02-07,2011-11-07,bull,bull,1.0,5,rule_based_temporal_rag
2012-02-14,2011-11-14,bull,bull,1.0,5,rule_based_temporal_rag
2012-02-22,2011-11-21,bull,bull,0.8,5,rule_based_temporal_rag
2012-02-29,2011-11-29,bull,bull,1.0,5,rule_based_temporal_rag
2012-03-07,2011-12-06,bull,bull,1.0,5,rule_based_temporal_rag
2012-03-14,2011-12-13,bull,bull,1.0,5,rule_based_temporal_rag
2012-03-21,2011-12-20,bull,bull,0.8,5,rule_based_temporal_rag
2012-03-28,2011-12-28,bull,bull,1.0,5,rule_based_temporal_rag
2012-04-04,2012-01-05,bull,bull,1.0,5,rule_based_temporal_rag
2012-04-12,2012-01-12,bull,bull,1.0,5,rule_based_temporal_rag
2012-04-19,2012-01-20,bull,bull,1.0,5,rule_based_temporal_rag
2012-04-26,2012-01-27,bull,bull,1.0,5,rule_based_temporal_rag
2012-05-03,2012-02-03,bull,bull,1.0,5,rule_based_temporal_rag
2012-05-10,2012-02-10,bull,bull,1.0,5,rule_based_temporal_rag
2012-05-17,2012-02-17,bull,bull,1.0,5,rule_based_temporal_rag
2012-05-24,2012-02-27,bull,bull,0.8,5,rule_based_temporal_rag
2012-06-01,2012-03-05,bull,bull,1.0,5,rule_based_temporal_rag
2012-06-08,2012-03-12,bull,bull,1.0,5,rule_based_temporal_rag
2012-06-15,2012-03-19,bull,bull,1.0,5,rule_based_temporal_rag
2012-06-22,2012-03-26,bull,bull,0.8,5,rule_based_temporal_rag
2012-06-29,2012-04-02,bull,bull,1.0,5,rule_based_temporal_rag
2012-07-09,2012-04-10,bull,bull,1.0,5,rule_based_temporal_rag
2012-07-16,2012-04-17,bull,bull,1.0,5,rule_based_temporal_rag
2012-07-23,2012-04-24,bull,bull,1.0,5,rule_based_temporal_rag
2012-07-30,2012-05-01,bull,bull,1.0,5,rule_based_temporal_rag
2012-08-06,2012-05-08,bull,bull,1.0,5,rule_based_temporal_rag
2012-08-13,2012-05-15,bull,bull,1.0,5,rule_based_temporal_rag
2012-08-20,2012-05-22,bull,bull,0.6,5,rule_based_temporal_rag
2012-08-27,2012-05-30,bull,bull,1.0,5,rule_based_temporal_rag
2012-09-04,2012-06-06,bull,bull,1.0,5,rule_based_temporal_rag
2012-09-11,2012-06-13,bull,bull,0.6,5,rule_based_temporal_rag
2012-09-18,2012-06-20,bull,bull,1.0,5,rule_based_temporal_rag
2012-09-25,2012-06-27,bull,bull,1.0,5,rule_based_temporal_rag
2012-10-02,2012-07-05,bull,bull,1.0,5,rule_based_temporal_rag
2012-10-09,2012-07-12,bull,bull,1.0,5,rule_based_temporal_rag
2012-10-16,2012-07-19,bull,bull,0.8,5,rule_based_temporal_rag
2012-10-23,2012-07-26,bull,bull,1.0,5,rule_based_temporal_rag
2012-11-01,2012-08-02,bull,bull,0.6,5,rule_based_temporal_rag
2012-11-08,2012-08-09,bull,bull,1.0,5,rule_based_temporal_rag
2012-11-15,2012-08-16,bull,bull,1.0,5,rule_based_temporal_rag
2012-11-23,2012-08-23,bull,bull,1.0,5,rule_based_temporal_rag
2012-11-30,2012-08-30,bull,bull,1.0,5,rule_based_temporal_rag
2012-12-07,2012-09-07,bull,bull,1.0,5,rule_based_temporal_rag
2012-12-14,2012-09-14,bull,bull,1.0,5,rule_based_temporal_rag
2012-12-21,2012-09-21,bull,bull,1.0,5,rule_based_temporal_rag
2012-12-31,2012-09-28,bull,bull,0.6,5,rule_based_temporal_rag
2013-01-08,2012-10-05,bull,bull,1.0,5,rule_based_temporal_rag
2013-01-15,2012-10-12,bull,bull,1.0,5,rule_based_temporal_rag
2013-01-23,2012-10-19,bull,bull,1.0,5,rule_based_temporal_rag
2013-01-30,2012-10-26,bull,bull,1.0,5,rule_based_temporal_rag
2013-02-06,2012-11-06,bull,bull,0.8,5,rule_based_temporal_rag
2013-02-13,2012-11-13,bull,bull,1.0,5,rule_based_temporal_rag
2013-02-21,2012-11-20,bull,bull,0.8,5,rule_based_temporal_rag
2013-02-28,2012-11-28,bull,bull,1.0,5,rule_based_temporal_rag
2013-03-07,2012-12-05,bull,bull,1.0,5,rule_based_temporal_rag
2013-03-14,2012-12-12,bull,bull,1.0,5,rule_based_temporal_rag
2013-03-21,2012-12-19,bull,bull,1.0,5,rule_based_temporal_rag
2013-03-28,2012-12-27,bull,bull,1.0,5,rule_based_temporal_rag
2013-04-05,2013-01-04,bull,bull,0.8,5,rule_based_temporal_rag
2013-04-12,2013-01-11,bull,bull,0.8,5,rule_based_temporal_rag
2013-04-19,2013-01-18,bull,bull,1.0,5,rule_based_temporal_rag
2013-04-26,2013-01-28,bull,bull,0.8,5,rule_based_temporal_rag
2013-05-03,2013-02-04,bull,bull,1.0,5,rule_based_temporal_rag
2013-05-10,2013-02-11,bull,bull,1.0,5,rule_based_temporal_rag
2013-05-17,2013-02-19,bull,bull,1.0,5,rule_based_temporal_rag
2013-05-24,2013-02-26,bull,bull,1.0,5,rule_based_temporal_rag
2013-06-03,2013-03-05,bull,bull,1.0,5,rule_based_temporal_rag
2013-06-10,2013-03-12,bull,bull,1.0,5,rule_based_temporal_rag
2013-06-17,2013-03-19,bull,bull,0.8,5,rule_based_temporal_rag
2013-06-24,2013-03-26,bull,bull,1.0,5,rule_based_temporal_rag
2013-07-01,2013-04-03,bull,bull,1.0,5,rule_based_temporal_rag
2013-07-09,2013-04-10,bull,bull,1.0,5,rule_based_temporal_rag
2013-07-16,2013-04-17,bull,bull,1.0,5,rule_based_temporal_rag
2013-07-23,2013-04-24,bull,bull,1.0,5,rule_based_temporal_rag
2013-07-30,2013-05-01,bull,bull,1.0,5,rule_based_temporal_rag
2013-08-06,2013-05-08,bull,bull,1.0,5,rule_based_temporal_rag
2013-08-13,2013-05-15,bull,bull,1.0,5,rule_based_temporal_rag
2013-08-20,2013-05-22,bull,bull,1.0,5,rule_based_temporal_rag
2013-08-27,2013-05-30,bull,bull,1.0,5,rule_based_temporal_rag
2013-09-04,2013-06-06,bull,bull,1.0,5,rule_based_temporal_rag
2013-09-11,2013-06-13,bull,bull,1.0,5,rule_based_temporal_rag
2013-09-18,2013-06-20,bull,bull,1.0,5,rule_based_temporal_rag
2013-09-25,2013-06-27,bull,bull,1.0,5,rule_based_temporal_rag
2013-10-02,2013-07-05,bull,bull,1.0,5,rule_based_temporal_rag
2013-10-09,2013-07-12,bull,bull,1.0,5,rule_based_temporal_rag
2013-10-16,2013-07-19,bull,bull,1.0,5,rule_based_temporal_rag
2013-10-23,2013-07-26,bull,bull,1.0,5,rule_based_temporal_rag
2013-10-30,2013-08-02,bull,bull,1.0,5,rule_based_temporal_rag
2013-11-06,2013-08-09,bull,bull,1.0,5,rule_based_temporal_rag
2013-11-13,2013-08-16,bull,bull,1.0,5,rule_based_temporal_rag
2013-11-20,2013-08-23,bull,bull,1.0,5,rule_based_temporal_rag
2013-11-27,2013-08-30,bull,bull,1.0,5,rule_based_temporal_rag
2013-12-05,2013-09-09,bull,bull,1.0,5,rule_based_temporal_rag
2013-12-12,2013-09-16,bull,bull,1.0,5,rule_based_temporal_rag
2013-12-19,2013-09-23,bull,bull,1.0,5,rule_based_temporal_rag
2013-12-27,2013-09-30,bull,bull,1.0,5,rule_based_temporal_rag
2014-01-06,2013-10-07,bull,bull,1.0,5,rule_based_temporal_rag
2014-01-13,2013-10-14,bull,bull,0.8,5,rule_based_temporal_rag
2014-01-21,2013-10-21,bull,bull,0.6,5,rule_based_temporal_rag
2014-01-28,2013-10-28,bull,bull,1.0,5,rule_based_temporal_rag
2014-02-04,2013-11-04,bull,bull,1.0,5,rule_based_temporal_rag
2014-02-11,2013-11-11,bull,bull,1.0,5,rule_based_temporal_rag
2014-02-19,2013-11-18,bull,bull,1.0,5,rule_based_temporal_rag
2014-02-26,2013-11-25,bull,bull,1.0,5,rule_based_temporal_rag
2014-03-05,2013-12-03,bull,bull,1.0,5,rule_based_temporal_rag
2014-03-12,2013-12-10,bull,bull,1.0,5,rule_based_temporal_rag
2014-03-19,2013-12-17,bull,bull,1.0,5,rule_based_temporal_rag
2014-03-26,2013-12-24,bull,bull,1.0,5,rule_based_temporal_rag
2014-04-02,2014-01-02,bull,bull,1.0,5,rule_based_temporal_rag
2014-04-09,2014-01-09,bull,bull,1.0,5,rule_based_temporal_rag
2014-04-16,2014-01-16,bull,bull,1.0,5,rule_based_temporal_rag
2014-04-24,2014-01-24,bull,bull,1.0,5,rule_based_temporal_rag
2014-05-01,2014-01-31,bull,bull,0.6,5,rule_based_temporal_rag
2014-05-08,2014-02-07,bull,bull,1.0,5,rule_based_temporal_rag
2014-05-15,2014-02-14,bull,bull,1.0,5,rule_based_temporal_rag
2014-05-22,2014-02-24,bull,bull,1.0,5,rule_based_temporal_rag
2014-05-30,2014-03-03,bull,bull,1.0,5,rule_based_temporal_rag
2014-06-06,2014-03-10,bull,bull,1.0,5,rule_based_temporal_rag
2014-06-13,2014-03-17,bull,bull,1.0,5,rule_based_temporal_rag
2014-06-20,2014-03-24,bull,bull,1.0,5,rule_based_temporal_rag
2014-06-27,2014-03-31,bull,bull,1.0,5,rule_based_temporal_rag
2014-07-07,2014-04-07,bull,bull,1.0,5,rule_based_temporal_rag
2014-07-14,2014-04-14,bull,bull,1.0,5,rule_based_temporal_rag
2014-07-21,2014-04-22,bull,bull,1.0,5,rule_based_temporal_rag
2014-07-28,2014-04-29,bull,bull,1.0,5,rule_based_temporal_rag
2014-08-04,2014-05-06,bull,bull,1.0,5,rule_based_temporal_rag
2014-08-11,2014-05-13,bull,bull,1.0,5,rule_based_temporal_rag
2014-08-18,2014-05-20,bull,bull,1.0,5,rule_based_temporal_rag
2014-08-25,2014-05-28,bull,bull,1.0,5,rule_based_temporal_rag
2014-09-02,2014-06-04,bull,bull,0.6,5,rule_based_temporal_rag
2014-09-09,2014-06-11,bull,bull,1.0,5,rule_based_temporal_rag
2014-09-16,2014-06-18,bull,bull,1.0,5,rule_based_temporal_rag
2014-09-23,2014-06-25,bull,bull,1.0,5,rule_based_temporal_rag
2014-09-30,2014-07-02,bull,bull,1.0,5,rule_based_temporal_rag
2014-10-07,2014-07-10,bull,bull,1.0,5,rule_based_temporal_rag
2014-10-14,2014-07-17,bull,bull,1.0,5,rule_based_temporal_rag
2014-10-21,2014-07-24,bull,bull,1.0,5,rule_based_temporal_rag
2014-10-28,2014-07-31,bull,bull,1.0,5,rule_based_temporal_rag
2014-11-04,2014-08-07,bull,bull,1.0,5,rule_based_temporal_rag
2014-11-11,2014-08-14,bull,bull,1.0,5,rule_based_temporal_rag
2014-11-18,2014-08-21,bull,bull,1.0,5,rule_based_temporal_rag
2014-11-25,2014-08-28,bull,bull,0.8,5,rule_based_temporal_rag
2014-12-03,2014-09-05,bull,bull,1.0,5,rule_based_temporal_rag
2014-12-10,2014-09-12,bull,bull,1.0,5,rule_based_temporal_rag
2014-12-17,2014-09-19,bull,bull,1.0,5,rule_based_temporal_rag
2014-12-24,2014-09-26,bull,bull,1.0,5,rule_based_temporal_rag
2015-01-02,2014-10-03,bull,bull,1.0,5,rule_based_temporal_rag
2015-01-09,2014-10-10,bull,bull,1.0,5,rule_based_temporal_rag
2015-01-16,2014-10-17,bull,bull,1.0,5,rule_based_temporal_rag
2015-01-26,2014-10-24,bull,bull,1.0,5,rule_based_temporal_rag
2015-02-02,2014-10-31,bull,bull,1.0,5,rule_based_temporal_rag
2015-02-09,2014-11-07,bull,bull,1.0,5,rule_based_temporal_rag
2015-02-17,2014-11-14,bull,bull,1.0,5,rule_based_temporal_rag
2015-02-24,2014-11-21,bull,bull,1.0,5,rule_based_temporal_rag
2015-03-03,2014-12-01,bull,bull,1.0,5,rule_based_temporal_rag
2015-03-10,2014-12-08,bull,bull,1.0,5,rule_based_temporal_rag
2015-03-17,2014-12-15,bull,bull,1.0,5,rule_based_temporal_rag
2015-03-24,2014-12-22,bull,bull,1.0,5,rule_based_temporal_rag
2015-03-31,2014-12-30,bull,bull,1.0,5,rule_based_temporal_rag
2015-04-08,2015-01-07,bull,bull,1.0,5,rule_based_temporal_rag
2015-04-15,2015-01-14,bull,bull,1.0,5,rule_based_temporal_rag
2015-04-22,2015-01-22,bull,bull,1.0,5,rule_based_temporal_rag
2015-04-29,2015-01-29,bull,bull,1.0,5,rule_based_temporal_rag
2015-05-06,2015-02-05,bull,bull,1.0,5,rule_based_temporal_rag
2015-05-13,2015-02-12,bull,bull,1.0,5,rule_based_temporal_rag
2015-05-20,2015-02-20,bull,bull,1.0,5,rule_based_temporal_rag
2015-05-28,2015-02-27,bull,bull,1.0,5,rule_based_temporal_rag
2015-06-04,2015-03-06,bull,bull,1.0,5,rule_based_temporal_rag
2015-06-11,2015-03-13,bull,bull,1.0,5,rule_based_temporal_rag
2015-06-18,2015-03-20,bull,bull,1.0,5,rule_based_temporal_rag
2015-06-25,2015-03-27,bull,bull,1.0,5,rule_based_temporal_rag
2015-07-02,2015-04-06,bull,bull,1.0,5,rule_based_temporal_rag
2015-07-10,2015-04-13,bull,bull,1.0,5,rule_based_temporal_rag
2015-07-17,2015-04-20,bull,bull,1.0,5,rule_based_temporal_rag
2015-07-24,2015-04-27,bull,bull,1.0,5,rule_based_temporal_rag
2015-07-31,2015-05-04,bull,bull,0.8,5,rule_based_temporal_rag
2015-08-07,2015-05-11,bull,bull,0.8,5,rule_based_temporal_rag
2015-08-14,2015-05-18,bull,bull,1.0,5,rule_based_temporal_rag
2015-08-21,2015-05-26,bull,bull,1.0,5,rule_based_temporal_rag
2015-08-28,2015-06-02,bull,bull,1.0,5,rule_based_temporal_rag
2015-09-04,2015-06-09,bull,bull,0.8,5,rule_based_temporal_rag
2015-09-14,2015-06-16,bull,bull,0.6,5,rule_based_temporal_rag
2015-09-21,2015-06-23,bull,bull,0.8,5,rule_based_temporal_rag
2015-09-28,2015-06-30,bull,bull,1.0,5,rule_based_temporal_rag
2015-10-05,2015-07-08,bull,bull,1.0,5,rule_based_temporal_rag
2015-10-12,2015-07-15,bull,bull,1.0,5,rule_based_temporal_rag
2015-10-19,2015-07-22,bull,bull,1.0,5,rule_based_temporal_rag
2015-10-26,2015-07-29,bull,bull,1.0,5,rule_based_temporal_rag
2015-11-02,2015-08-05,bull,bull,1.0,5,rule_based_temporal_rag
2015-11-09,2015-08-12,bull,bull,1.0,5,rule_based_temporal_rag
2015-11-16,2015-08-19,bull,bull,1.0,5,rule_based_temporal_rag
2015-11-23,2015-08-26,bull,bull,1.0,5,rule_based_temporal_rag
2015-12-01,2015-09-02,bull,bull,1.0,5,rule_based_temporal_rag
2015-12-08,2015-09-10,bull,bull,1.0,5,rule_based_temporal_rag
2015-12-15,2015-09-17,bull,bull,1.0,5,rule_based_temporal_rag
2015-12-22,2015-09-24,bull,bull,1.0,5,rule_based_temporal_rag
2015-12-30,2015-10-01,bull,bull,1.0,5,rule_based_temporal_rag
2016-01-07,2015-10-08,bull,bull,1.0,5,rule_based_temporal_rag
2016-01-14,2015-10-15,bull,bull,1.0,5,rule_based_temporal_rag
2016-01-22,2015-10-22,bull,bull,1.0,5,rule_based_temporal_rag
2016-01-29,2015-10-29,bull,bull,1.0,5,rule_based_temporal_rag
2016-02-05,2015-11-05,bull,bull,1.0,5,rule_based_temporal_rag
2016-02-12,2015-11-12,bull,bull,0.8,5,rule_based_temporal_rag
2016-02-22,2015-11-19,bull,bull,0.6,5,rule_based_temporal_rag
2016-02-29,2015-11-27,bull,bull,1.0,5,rule_based_temporal_rag
2016-03-07,2015-12-04,bull,bull,1.0,5,rule_based_temporal_rag
2016-03-14,2015-12-11,bull,bull,1.0,5,rule_based_temporal_rag
2016-03-21,2015-12-18,bull,bull,1.0,5,rule_based_temporal_rag
2016-03-29,2015-12-28,bull,bull,1.0,5,rule_based_temporal_rag
2016-04-05,2016-01-05,bull,bull,1.0,5,rule_based_temporal_rag
2016-04-12,2016-01-12,bull,bull,1.0,5,rule_based_temporal_rag
2016-04-19,2016-01-20,bull,bull,1.0,5,rule_based_temporal_rag
2016-04-26,2016-01-27,bull,bull,1.0,5,rule_based_temporal_rag
2016-05-03,2016-02-03,bull,bull,1.0,5,rule_based_temporal_rag
2016-05-10,2016-02-10,bull,bull,1.0,5,rule_based_temporal_rag
2016-05-17,2016-02-18,bull,bull,1.0,5,rule_based_temporal_rag
2016-05-24,2016-02-25,bull,bull,1.0,5,rule_based_temporal_rag
2016-06-01,2016-03-03,bull,bull,1.0,5,rule_based_temporal_rag
2016-06-08,2016-03-10,bull,bull,1.0,5,rule_based_temporal_rag
2016-06-15,2016-03-17,bull,bull,1.0,5,rule_based_temporal_rag
2016-06-22,2016-03-24,bull,bull,1.0,5,rule_based_temporal_rag
2016-06-29,2016-04-01,bull,bull,1.0,5,rule_based_temporal_rag
2016-07-07,2016-04-08,bull,bull,1.0,5,rule_based_temporal_rag
2016-07-14,2016-04-15,bull,bull,1.0,5,rule_based_temporal_rag
2016-07-21,2016-04-22,bull,bull,1.0,5,rule_based_temporal_rag
2016-07-28,2016-04-29,bull,bull,1.0,5,rule_based_temporal_rag
2016-08-04,2016-05-06,bull,bull,1.0,5,rule_based_temporal_rag
2016-08-11,2016-05-13,bull,bull,1.0,5,rule_based_temporal_rag
2016-08-18,2016-05-20,bull,bull,1.0,5,rule_based_temporal_rag
2016-08-25,2016-05-27,bull,bull,1.0,5,rule_based_temporal_rag
2016-09-01,2016-06-06,bull,bull,1.0,5,rule_based_temporal_rag
2016-09-09,2016-06-13,bull,bull,1.0,5,rule_based_temporal_rag
2016-09-16,2016-06-20,bull,bull,1.0,5,rule_based_temporal_rag
2016-09-23,2016-06-27,bull,bull,1.0,5,rule_based_temporal_rag
2016-09-30,2016-07-05,bull,bull,1.0,5,rule_based_temporal_rag
2016-10-07,2016-07-12,bull,bull,1.0,5,rule_based_temporal_rag
2016-10-14,2016-07-19,bull,bull,1.0,5,rule_based_temporal_rag
2016-10-21,2016-07-26,bull,bull,1.0,5,rule_based_temporal_rag
2016-10-28,2016-08-02,bull,bull,1.0,5,rule_based_temporal_rag
2016-11-04,2016-08-09,bull,bull,0.6,5,rule_based_temporal_rag
2016-11-11,2016-08-16,bull,bull,1.0,5,rule_based_temporal_rag
2016-11-18,2016-08-23,bull,bull,1.0,5,rule_based_temporal_rag
2016-11-28,2016-08-30,bull,bull,1.0,5,rule_based_temporal_rag
2016-12-05,2016-09-07,bull,bull,1.0,5,rule_based_temporal_rag
2016-12-12,2016-09-14,bull,bull,1.0,5,rule_based_temporal_rag
2016-12-19,2016-09-21,bull,bull,1.0,5,rule_based_temporal_rag
2016-12-27,2016-09-28,bull,bull,1.0,5,rule_based_temporal_rag
2017-01-04,2016-10-05,bull,bull,1.0,5,rule_based_temporal_rag
2017-01-11,2016-10-12,bull,bull,1.0,5,rule_based_temporal_rag
2017-01-19,2016-10-19,bull,bull,1.0,5,rule_based_temporal_rag
2017-01-26,2016-10-26,bull,bull,1.0,5,rule_based_temporal_rag
2017-02-02,2016-11-02,bull,bull,1.0,5,rule_based_temporal_rag
2017-02-09,2016-11-09,bull,bull,1.0,5,rule_based_temporal_rag
2017-02-16,2016-11-16,bull,bull,1.0,5,rule_based_temporal_rag
2017-02-24,2016-11-23,bull,bull,1.0,5,rule_based_temporal_rag
2017-03-03,2016-12-01,bull,bull,1.0,5,rule_based_temporal_rag
2017-03-10,2016-12-08,bull,bull,1.0,5,rule_based_temporal_rag
2017-03-17,2016-12-15,bull,bull,1.0,5,rule_based_temporal_rag
2017-03-24,2016-12-22,bull,bull,1.0,5,rule_based_temporal_rag
2017-03-31,2016-12-30,bull,bull,1.0,5,rule_based_temporal_rag
2017-04-07,2017-01-09,bull,bull,1.0,5,rule_based_temporal_rag
2017-04-17,2017-01-17,bull,bull,1.0,5,rule_based_temporal_rag
2017-04-24,2017-01-24,bull,bull,1.0,5,rule_based_temporal_rag
2017-05-01,2017-01-31,bull,bull,1.0,5,rule_based_temporal_rag
2017-05-08,2017-02-07,bull,bull,1.0,5,rule_based_temporal_rag
2017-05-15,2017-02-14,bull,bull,1.0,5,rule_based_temporal_rag
2017-05-22,2017-02-22,bull,bull,1.0,5,rule_based_temporal_rag
2017-05-30,2017-03-01,bull,bull,1.0,5,rule_based_temporal_rag
2017-06-06,2017-03-08,bull,bull,1.0,5,rule_based_temporal_rag
2017-06-13,2017-03-15,bull,bull,1.0,5,rule_based_temporal_rag
2017-06-20,2017-03-22,bull,bull,1.0,5,rule_based_temporal_rag
2017-06-27,2017-03-29,bull,bull,1.0,5,rule_based_temporal_rag
2017-07-05,2017-04-05,bull,bull,1.0,5,rule_based_temporal_rag
2017-07-12,2017-04-12,bull,bull,1.0,5,rule_based_temporal_rag
2017-07-19,2017-04-20,bull,bull,1.0,5,rule_based_temporal_rag
2017-07-26,2017-04-27,bull,bull,1.0,5,rule_based_temporal_rag
2017-08-02,2017-05-04,bull,bull,1.0,5,rule_based_temporal_rag
2017-08-09,2017-05-11,bull,bull,1.0,5,rule_based_temporal_rag
2017-08-16,2017-05-18,bull,bull,1.0,5,rule_based_temporal_rag
2017-08-23,2017-05-25,bull,bull,0.8,5,rule_based_temporal_rag
2017-08-30,2017-06-02,bull,bull,1.0,5,rule_based_temporal_rag
2017-09-07,2017-06-09,bull,bull,1.0,5,rule_based_temporal_rag
2017-09-14,2017-06-16,bull,bull,1.0,5,rule_based_temporal_rag
2017-09-21,2017-06-23,bull,bull,1.0,5,rule_based_temporal_rag
2017-09-28,2017-06-30,bull,bull,1.0,5,rule_based_temporal_rag
2017-10-05,2017-07-10,bull,bull,1.0,5,rule_based_temporal_rag
2017-10-12,2017-07-17,bull,bull,1.0,5,rule_based_temporal_rag
2017-10-19,2017-07-24,bull,bull,1.0,5,rule_based_temporal_rag
2017-10-26,2017-07-31,bull,bull,1.0,5,rule_based_temporal_rag
2017-11-02,2017-08-07,bull,bull,1.0,5,rule_based_temporal_rag
2017-11-09,2017-08-14,bull,bull,1.0,5,rule_based_temporal_rag
2017-11-16,2017-08-21,bull,bull,1.0,5,rule_based_temporal_rag
2017-11-24,2017-08-28,bull,bull,1.0,5,rule_based_temporal_rag
2017-12-01,2017-09-05,bull,bull,1.0,5,rule_based_temporal_rag
2017-12-08,2017-09-12,bull,bull,1.0,5,rule_based_temporal_rag
2017-12-15,2017-09-19,bull,bull,1.0,5,rule_based_temporal_rag
2017-12-22,2017-09-26,bull,bull,1.0,5,rule_based_temporal_rag
2018-01-02,2017-10-03,bull,bull,1.0,5,rule_based_temporal_rag
2018-01-09,2017-10-10,bull,bull,1.0,5,rule_based_temporal_rag
2018-01-17,2017-10-17,bull,bull,1.0,5,rule_based_temporal_rag
2018-01-24,2017-10-24,bull,bull,1.0,5,rule_based_temporal_rag
2018-01-31,2017-10-31,bull,bull,1.0,5,rule_based_temporal_rag
2018-02-07,2017-11-07,bull,bull,0.8,5,rule_based_temporal_rag
2018-02-14,2017-11-14,bull,bull,1.0,5,rule_based_temporal_rag
2018-02-22,2017-11-21,bull,bull,1.0,5,rule_based_temporal_rag
2018-03-01,2017-11-29,bull,bull,1.0,5,rule_based_temporal_rag
2018-03-08,2017-12-06,bull,bull,0.8,5,rule_based_temporal_rag
2018-03-15,2017-12-13,bull,bull,0.8,5,rule_based_temporal_rag
2018-03-22,2017-12-20,bull,bull,1.0,5,rule_based_temporal_rag
2018-03-29,2017-12-28,bull,bull,1.0,5,rule_based_temporal_rag
2018-04-06,2018-01-05,bull,bull,1.0,5,rule_based_temporal_rag
2018-04-13,2018-01-12,bull,bull,0.8,5,rule_based_temporal_rag
2018-04-20,2018-01-22,bull,bull,1.0,5,rule_based_temporal_rag
2018-04-27,2018-01-29,bull,bull,1.0,5,rule_based_temporal_rag
2018-05-04,2018-02-05,bull,bull,1.0,5,rule_based_temporal_rag
2018-05-11,2018-02-12,bull,bull,1.0,5,rule_based_temporal_rag
2018-05-18,2018-02-20,bull,bull,1.0,5,rule_based_temporal_rag
2018-05-25,2018-02-27,bull,bull,0.8,5,rule_based_temporal_rag
2018-06-04,2018-03-06,bull,bull,1.0,5,rule_based_temporal_rag
2018-06-11,2018-03-13,bull,bull,1.0,5,rule_based_temporal_rag
2018-06-18,2018-03-20,bull,bull,1.0,5,rule_based_temporal_rag
2018-06-25,2018-03-27,bull,bull,1.0,5,rule_based_temporal_rag
2018-07-02,2018-04-04,bull,bull,1.0,5,rule_based_temporal_rag
2018-07-10,2018-04-11,bull,bull,1.0,5,rule_based_temporal_rag
2018-07-17,2018-04-18,bull,bull,1.0,5,rule_based_temporal_rag
2018-07-24,2018-04-25,bull,bull,1.0,5,rule_based_temporal_rag
2018-07-31,2018-05-02,bull,bull,1.0,5,rule_based_temporal_rag
2018-08-07,2018-05-09,bull,bull,1.0,5,rule_based_temporal_rag
2018-08-14,2018-05-16,bull,bull,1.0,5,rule_based_temporal_rag
2018-08-21,2018-05-23,bull,bull,1.0,5,rule_based_temporal_rag
2018-08-28,2018-05-31,bull,bull,1.0,5,rule_based_temporal_rag
2018-09-05,2018-06-07,bull,bull,1.0,5,rule_based_temporal_rag
2018-09-12,2018-06-14,bull,bull,1.0,5,rule_based_temporal_rag
2018-09-19,2018-06-21,bull,bull,1.0,5,rule_based_temporal_rag
2018-09-26,2018-06-28,bull,bull,1.0,5,rule_based_temporal_rag
2018-10-03,2018-07-06,bull,bull,1.0,5,rule_based_temporal_rag
2018-10-10,2018-07-13,bull,bull,1.0,5,rule_based_temporal_rag
2018-10-17,2018-07-20,bull,bull,1.0,5,rule_based_temporal_rag
2018-10-24,2018-07-27,bull,bull,1.0,5,rule_based_temporal_rag
2018-10-31,2018-08-03,bull,bull,1.0,5,rule_based_temporal_rag
2018-11-07,2018-08-10,bull,bull,1.0,5,rule_based_temporal_rag
2018-11-14,2018-08-17,bull,bull,0.6,5,rule_based_temporal_rag
2018-11-21,2018-08-24,bull,bull,1.0,5,rule_based_temporal_rag
2018-11-29,2018-08-31,bull,bull,1.0,5,rule_based_temporal_rag
2018-12-07,2018-09-10,bull,bull,1.0,5,rule_based_temporal_rag
2018-12-14,2018-09-17,bull,bull,1.0,5,rule_based_temporal_rag
2018-12-21,2018-09-24,bull,bull,1.0,5,rule_based_temporal_rag
2018-12-31,2018-10-01,bull,bull,1.0,5,rule_based_temporal_rag
2019-01-08,2018-10-08,bull,bull,1.0,5,rule_based_temporal_rag
2019-01-15,2018-10-15,bull,bull,1.0,5,rule_based_temporal_rag
2019-01-23,2018-10-22,bull,bull,1.0,5,rule_based_temporal_rag
2019-01-30,2018-10-29,bull,bull,1.0,5,rule_based_temporal_rag
2019-02-06,2018-11-05,bull,bull,1.0,5,rule_based_temporal_rag
2019-02-13,2018-11-12,bull,bull,1.0,5,rule_based_temporal_rag
2019-02-21,2018-11-19,bull,bull,1.0,5,rule_based_temporal_rag
2019-02-28,2018-11-27,bull,bull,1.0,5,rule_based_temporal_rag
2019-03-07,2018-12-04,bull,bull,1.0,5,rule_based_temporal_rag
2019-03-14,2018-12-12,bull,bull,1.0,5,rule_based_temporal_rag
2019-03-21,2018-12-19,bull,bull,1.0,5,rule_based_temporal_rag
2019-03-28,2018-12-27,bull,bull,1.0,5,rule_based_temporal_rag
2019-04-04,2019-01-04,bull,bull,1.0,5,rule_based_temporal_rag
2019-04-11,2019-01-11,bull,bull,1.0,5,rule_based_temporal_rag
2019-04-18,2019-01-18,bull,bull,1.0,5,rule_based_temporal_rag
2019-04-26,2019-01-28,bull,bull,1.0,5,rule_based_temporal_rag
2019-05-03,2019-02-04,bull,bull,1.0,5,rule_based_temporal_rag
2019-05-10,2019-02-11,bull,bull,1.0,5,rule_based_temporal_rag
2019-05-17,2019-02-19,bull,bull,1.0,5,rule_based_temporal_rag
2019-05-24,2019-02-26,bull,bull,1.0,5,rule_based_temporal_rag
2019-06-03,2019-03-05,bull,bull,1.0,5,rule_based_temporal_rag
2019-06-10,2019-03-12,bull,bull,1.0,5,rule_based_temporal_rag
2019-06-17,2019-03-19,bull,bull,1.0,5,rule_based_temporal_rag
2019-06-24,2019-03-26,bull,bull,1.0,5,rule_based_temporal_rag
2019-07-01,2019-04-02,bull,bull,1.0,5,rule_based_temporal_rag
2019-07-09,2019-04-09,bull,bull,1.0,5,rule_based_temporal_rag
2019-07-16,2019-04-16,bull,bull,1.0,5,rule_based_temporal_rag
2019-07-23,2019-04-24,bull,bull,1.0,5,rule_based_temporal_rag
2019-07-30,2019-05-01,bull,bull,1.0,5,rule_based_temporal_rag
2019-08-06,2019-05-08,bull,bull,1.0,5,rule_based_temporal_rag
2019-08-13,2019-05-15,bull,bull,1.0,5,rule_based_temporal_rag
2019-08-20,2019-05-22,bull,bull,1.0,5,rule_based_temporal_rag
2019-08-27,2019-05-30,bull,bull,1.0,5,rule_based_temporal_rag
2019-09-04,2019-06-06,bull,bull,1.0,5,rule_based_temporal_rag
2019-09-11,2019-06-13,bull,bull,1.0,5,rule_based_temporal_rag
2019-09-18,2019-06-20,bull,bull,1.0,5,rule_based_temporal_rag
2019-09-25,2019-06-27,bull,bull,1.0,5,rule_based_temporal_rag
2019-10-02,2019-07-05,bull,bull,1.0,5,rule_based_temporal_rag
2019-10-09,2019-07-12,bull,bull,1.0,5,rule_based_temporal_rag
2019-10-16,2019-07-19,bull,bull,1.0,5,rule_based_temporal_rag
2019-10-23,2019-07-26,bull,bull,1.0,5,rule_based_temporal_rag
2019-10-30,2019-08-02,bull,bull,1.0,5,rule_based_temporal_rag
2019-11-06,2019-08-09,bull,bull,1.0,5,rule_based_temporal_rag
2019-11-13,2019-08-16,bull,bull,1.0,5,rule_based_temporal_rag
2019-11-20,2019-08-23,bull,bull,1.0,5,rule_based_temporal_rag
2019-11-27,2019-08-30,bull,bull,1.0,5,rule_based_temporal_rag
2019-12-05,2019-09-09,bull,bull,1.0,5,rule_based_temporal_rag
2019-12-12,2019-09-16,bull,bull,1.0,5,rule_based_temporal_rag
2019-12-19,2019-09-23,bull,bull,1.0,5,rule_based_temporal_rag
2019-12-27,2019-09-30,bull,bull,1.0,5,rule_based_temporal_rag
2020-01-06,2019-10-07,bull,bull,1.0,5,rule_based_temporal_rag
2020-01-13,2019-10-14,bull,bull,1.0,5,rule_based_temporal_rag
2020-01-21,2019-10-21,bull,bull,1.0,5,rule_based_temporal_rag
2020-01-28,2019-10-28,bull,bull,1.0,5,rule_based_temporal_rag
2020-02-04,2019-11-04,bull,bull,1.0,5,rule_based_temporal_rag
2020-02-11,2019-11-11,bull,bull,1.0,5,rule_based_temporal_rag
2020-02-19,2019-11-18,bull,bull,1.0,5,rule_based_temporal_rag
2020-02-26,2019-11-25,bull,bull,1.0,5,rule_based_temporal_rag
2020-03-04,2019-12-03,high_vol,bull,1.0,5,rule_based_temporal_rag
2020-03-11,2019-12-10,high_vol,bull,0.8,5,rule_based_temporal_rag
2020-03-18,2019-12-17,bull,bull,1.0,5,rule_based_temporal_rag
2020-03-25,2019-12-24,bull,bull,1.0,5,rule_based_temporal_rag
2020-04-01,2020-01-02,bear,bull,1.0,5,rule_based_temporal_rag
2020-04-08,2020-01-09,high_vol,bull,1.0,5,rule_based_temporal_rag
2020-04-16,2020-01-16,high_vol,bull,1.0,5,rule_based_temporal_rag
2020-04-23,2020-01-24,high_vol,bull,1.0,5,rule_based_temporal_rag
2020-04-30,2020-01-31,high_vol,bull,1.0,5,rule_based_temporal_rag
2020-05-07,2020-02-07,high_vol,bull,1.0,5,rule_based_temporal_rag
2020-05-14,2020-02-14,high_vol,bull,1.0,5,rule_based_temporal_rag
2020-05-21,2020-02-24,bull,bull,1.0,5,rule_based_temporal_rag
2020-05-29,2020-03-02,bull,bull,1.0,5,rule_based_temporal_rag
2020-06-05,2020-03-09,bull,bull,1.0,5,rule_based_temporal_rag
2020-06-12,2020-03-16,high_vol,bull,1.0,5,rule_based_temporal_rag
2020-06-19,2020-03-23,high_vol,bull,1.0,5,rule_based_temporal_rag
2020-06-26,2020-03-30,high_vol,bull,1.0,5,rule_based_temporal_rag
2020-07-06,2020-04-06,bull,bull,0.8,5,rule_based_temporal_rag
2020-07-13,2020-04-14,bull,bull,0.8,5,rule_based_temporal_rag
2020-07-20,2020-04-21,bull,bull,1.0,5,rule_based_temporal_rag
2020-07-27,2020-04-28,bull,bull,1.0,5,rule_based_temporal_rag
2020-08-03,2020-05-05,bull,bull,0.6,5,rule_based_temporal_rag
2020-08-10,2020-05-12,bull,bull,0.6,5,rule_based_temporal_rag
2020-08-17,2020-05-19,bull,bull,1.0,5,rule_based_temporal_rag
2020-08-24,2020-05-27,bull,bull,1.0,5,rule_based_temporal_rag
2020-08-31,2020-06-03,bull,bull,1.0,5,rule_based_temporal_rag
2020-09-08,2020-06-10,bull,bull,1.0,5,rule_based_temporal_rag
2020-09-15,2020-06-17,bull,bull,1.0,5,rule_based_temporal_rag
2020-09-22,2020-06-24,bull,bull,0.8,5,rule_based_temporal_rag
2020-09-29,2020-07-01,bull,bull,0.8,5,rule_based_temporal_rag
2020-10-06,2020-07-09,bull,bull,1.0,5,rule_based_temporal_rag
2020-10-13,2020-07-16,bull,bull,1.0,5,rule_based_temporal_rag
2020-10-20,2020-07-23,bull,bull,1.0,5,rule_based_temporal_rag
2020-10-27,2020-07-30,bull,bull,1.0,5,rule_based_temporal_rag
2020-11-03,2020-08-06,bull,bull,0.8,5,rule_based_temporal_rag
2020-11-10,2020-08-13,bull,bull,1.0,5,rule_based_temporal_rag
2020-11-17,2020-08-20,bull,bull,1.0,5,rule_based_temporal_rag
2020-11-24,2020-08-27,bull,bull,1.0,5,rule_based_temporal_rag
2020-12-02,2020-09-03,bull,bull,1.0,5,rule_based_temporal_rag
2020-12-09,2020-09-11,bull,bull,1.0,5,rule_based_temporal_rag
2020-12-16,2020-09-18,bull,bull,1.0,5,rule_based_temporal_rag
2020-12-23,2020-09-25,bull,bull,1.0,5,rule_based_temporal_rag
2020-12-31,2020-10-02,bull,bull,1.0,5,rule_based_temporal_rag
2021-01-08,2020-10-09,bull,bear,0.6,5,rule_based_temporal_rag
2021-01-15,2020-10-16,bull,bull,1.0,5,rule_based_temporal_rag
2021-01-25,2020-10-23,bull,bull,0.6,5,rule_based_temporal_rag
2021-02-01,2020-10-30,bull,bull,1.0,5,rule_based_temporal_rag
2021-02-08,2020-11-06,bull,bull,1.0,5,rule_based_temporal_rag
2021-02-16,2020-11-13,bull,bull,1.0,5,rule_based_temporal_rag
2021-02-23,2020-11-20,bull,bull,1.0,5,rule_based_temporal_rag
2021-03-02,2020-11-30,bull,bull,1.0,5,rule_based_temporal_rag
2021-03-09,2020-12-07,bull,bull,1.0,5,rule_based_temporal_rag
2021-03-16,2020-12-14,bull,bull,1.0,5,rule_based_temporal_rag
2021-03-23,2020-12-21,bull,bull,0.8,5,rule_based_temporal_rag
2021-03-30,2020-12-29,bull,bull,1.0,5,rule_based_temporal_rag
2021-04-07,2021-01-06,bull,bull,1.0,5,rule_based_temporal_rag
2021-04-14,2021-01-13,bull,bull,1.0,5,rule_based_temporal_rag
2021-04-21,2021-01-21,bull,bull,0.8,5,rule_based_temporal_rag
2021-04-28,2021-01-28,bull,bull,1.0,5,rule_based_temporal_rag
2021-05-05,2021-02-04,bull,bull,1.0,5,rule_based_temporal_rag
2021-05-12,2021-02-11,bull,bull,0.8,5,rule_based_temporal_rag
2021-05-19,2021-02-19,bull,bull,1.0,5,rule_based_temporal_rag
2021-05-26,2021-02-26,bull,bull,1.0,5,rule_based_temporal_rag
2021-06-03,2021-03-05,bull,bull,1.0,5,rule_based_temporal_rag
2021-06-10,2021-03-12,bull,bull,1.0,5,rule_based_temporal_rag
2021-06-17,2021-03-19,bull,bull,1.0,5,rule_based_temporal_rag
2021-06-24,2021-03-26,bull,bull,1.0,5,rule_based_temporal_rag
2021-07-01,2021-04-05,bull,bull,1.0,5,rule_based_temporal_rag
2021-07-09,2021-04-12,bull,bull,1.0,5,rule_based_temporal_rag
2021-07-16,2021-04-19,bull,bull,1.0,5,rule_based_temporal_rag
2021-07-23,2021-04-26,bull,bull,1.0,5,rule_based_temporal_rag
2021-07-30,2021-05-03,bull,bull,1.0,5,rule_based_temporal_rag
2021-08-06,2021-05-10,bull,bull,1.0,5,rule_based_temporal_rag
2021-08-13,2021-05-17,bull,bull,1.0,5,rule_based_temporal_rag
2021-08-20,2021-05-24,bull,bull,1.0,5,rule_based_temporal_rag
2021-08-27,2021-06-01,bull,bull,1.0,5,rule_based_temporal_rag
2021-09-03,2021-06-08,bull,bull,1.0,5,rule_based_temporal_rag
2021-09-13,2021-06-15,bull,bull,1.0,5,rule_based_temporal_rag
2021-09-20,2021-06-22,bull,bull,1.0,5,rule_based_temporal_rag
2021-09-27,2021-06-29,bull,bull,1.0,5,rule_based_temporal_rag
2021-10-04,2021-07-07,bull,bull,1.0,5,rule_based_temporal_rag
2021-10-11,2021-07-14,bull,bull,1.0,5,rule_based_temporal_rag
2021-10-18,2021-07-21,bull,bull,1.0,5,rule_based_temporal_rag
2021-10-25,2021-07-28,bull,bull,1.0,5,rule_based_temporal_rag
2021-11-01,2021-08-04,bull,bull,1.0,5,rule_based_temporal_rag
2021-11-08,2021-08-11,bull,bull,1.0,5,rule_based_temporal_rag
2021-11-15,2021-08-18,bull,bull,1.0,5,rule_based_temporal_rag
2021-11-22,2021-08-25,bull,bull,1.0,5,rule_based_temporal_rag
2021-11-30,2021-09-01,bull,bull,1.0,5,rule_based_temporal_rag
2021-12-07,2021-09-09,bull,bull,1.0,5,rule_based_temporal_rag
2021-12-14,2021-09-16,bull,bull,1.0,5,rule_based_temporal_rag
2021-12-21,2021-09-23,bull,bull,1.0,5,rule_based_temporal_rag
2021-12-29,2021-09-30,bull,bull,1.0,5,rule_based_temporal_rag
2022-01-05,2021-10-07,bull,bull,1.0,5,rule_based_temporal_rag
2022-01-12,2021-10-14,bull,bull,1.0,5,rule_based_temporal_rag
2022-01-20,2021-10-21,bull,bull,1.0,5,rule_based_temporal_rag
2022-01-27,2021-10-28,bull,bull,1.0,5,rule_based_temporal_rag
2022-02-03,2021-11-04,bull,bull,1.0,5,rule_based_temporal_rag
2022-02-10,2021-11-11,bull,bull,0.8,5,rule_based_temporal_rag
2022-02-17,2021-11-18,bull,bull,1.0,5,rule_based_temporal_rag
2022-02-25,2021-11-26,bull,bull,0.8,5,rule_based_temporal_rag
2022-03-04,2021-12-03,bull,bull,1.0,5,rule_based_temporal_rag
2022-03-11,2021-12-10,bull,bull,1.0,5,rule_based_temporal_rag
2022-03-18,2021-12-17,bull,bull,1.0,5,rule_based_temporal_rag
2022-03-25,2021-12-27,bull,bull,1.0,5,rule_based_temporal_rag
2022-04-01,2022-01-03,bull,bull,1.0,5,rule_based_temporal_rag
2022-04-08,2022-01-10,bull,bull,1.0,5,rule_based_temporal_rag
2022-04-18,2022-01-18,bull,bull,0.8,5,rule_based_temporal_rag
2022-04-25,2022-01-25,bull,bull,1.0,5,rule_based_temporal_rag
2022-05-02,2022-02-01,high_vol,bull,1.0,5,rule_based_temporal_rag
2022-05-09,2022-02-08,high_vol,bull,1.0,5,rule_based_temporal_rag
2022-05-16,2022-02-15,bull,bull,1.0,5,rule_based_temporal_rag
2022-05-23,2022-02-23,bull,bull,1.0,5,rule_based_temporal_rag
2022-05-31,2022-03-02,bull,bull,1.0,5,rule_based_temporal_rag
2022-06-07,2022-03-09,bull,bull,1.0,5,rule_based_temporal_rag
2022-06-14,2022-03-16,bull,bull,1.0,5,rule_based_temporal_rag
2022-06-22,2022-03-23,bear,bull,1.0,5,rule_based_temporal_rag
2022-06-29,2022-03-30,bull,bull,1.0,5,rule_based_temporal_rag
2022-07-07,2022-04-06,bull,bull,1.0,5,rule_based_temporal_rag
2022-07-14,2022-04-13,bear,bull,1.0,5,rule_based_temporal_rag
2022-07-21,2022-04-21,bull,bull,1.0,5,rule_based_temporal_rag
2022-07-28,2022-04-28,bull,bull,1.0,5,rule_based_temporal_rag
2022-08-04,2022-05-05,bull,bull,1.0,5,rule_based_temporal_rag
2022-08-11,2022-05-12,bull,bull,1.0,5,rule_based_temporal_rag
2022-08-18,2022-05-19,bull,bull,1.0,5,rule_based_temporal_rag
2022-08-25,2022-05-26,bull,bull,0.8,5,rule_based_temporal_rag
2022-09-01,2022-06-03,bull,bull,1.0,5,rule_based_temporal_rag
2022-09-09,2022-06-10,bull,bull,1.0,5,rule_based_temporal_rag
2022-09-16,2022-06-17,bull,bull,1.0,5,rule_based_temporal_rag
2022-09-23,2022-06-27,bear,bull,1.0,5,rule_based_temporal_rag
2022-09-30,2022-07-05,bull,bull,1.0,5,rule_based_temporal_rag
2022-10-07,2022-07-12,bull,bull,1.0,5,rule_based_temporal_rag
2022-10-14,2022-07-19,bull,bull,0.8,5,rule_based_temporal_rag
2022-10-21,2022-07-26,bear,bull,1.0,5,rule_based_temporal_rag
2022-10-28,2022-08-02,bull,bull,1.0,5,rule_based_temporal_rag
2022-11-04,2022-08-09,bear,bull,1.0,5,rule_based_temporal_rag
2022-11-11,2022-08-16,bull,bull,1.0,5,rule_based_temporal_rag
2022-11-18,2022-08-23,bull,bull,1.0,5,rule_based_temporal_rag
2022-11-28,2022-08-30,bull,bull,1.0,5,rule_based_temporal_rag
2022-12-05,2022-09-07,bull,bull,1.0,5,rule_based_temporal_rag
2022-12-12,2022-09-14,bull,bull,0.6,5,rule_based_temporal_rag
2022-12-19,2022-09-21,bull,bull,1.0,5,rule_based_temporal_rag
2022-12-27,2022-09-28,bull,bull,0.8,5,rule_based_temporal_rag
2023-01-04,2022-10-05,bull,bull,1.0,5,rule_based_temporal_rag
2023-01-11,2022-10-12,bull,bull,1.0,5,rule_based_temporal_rag
2023-01-19,2022-10-19,bull,bull,1.0,5,rule_based_temporal_rag
2023-01-26,2022-10-26,bull,bull,1.0,5,rule_based_temporal_rag
2023-02-02,2022-11-02,bull,bull,1.0,5,rule_based_temporal_rag
2023-02-09,2022-11-09,bull,bull,1.0,5,rule_based_temporal_rag
2023-02-16,2022-11-16,bull,bull,1.0,5,rule_based_temporal_rag
2023-02-24,2022-11-23,bull,bull,1.0,5,rule_based_temporal_rag
2023-03-03,2022-12-01,bull,bull,1.0,5,rule_based_temporal_rag
2023-03-10,2022-12-08,bull,bull,1.0,5,rule_based_temporal_rag
2023-03-17,2022-12-15,bull,bull,1.0,5,rule_based_temporal_rag
2023-03-24,2022-12-22,bull,bull,1.0,5,rule_based_temporal_rag
2023-03-31,2022-12-30,bull,bull,1.0,5,rule_based_temporal_rag
2023-04-10,2023-01-09,bull,bull,1.0,5,rule_based_temporal_rag
2023-04-17,2023-01-17,bull,bull,1.0,5,rule_based_temporal_rag
2023-04-24,2023-01-24,bull,bull,1.0,5,rule_based_temporal_rag
2023-05-01,2023-01-31,bull,bull,1.0,5,rule_based_temporal_rag
2023-05-08,2023-02-07,bull,bull,1.0,5,rule_based_temporal_rag
2023-05-15,2023-02-14,bull,bull,1.0,5,rule_based_temporal_rag
2023-05-22,2023-02-22,bull,bull,1.0,5,rule_based_temporal_rag
2023-05-30,2023-03-01,bull,bull,1.0,5,rule_based_temporal_rag
2023-06-06,2023-03-08,bull,bull,1.0,5,rule_based_temporal_rag
2023-06-13,2023-03-15,bull,bull,0.8,5,rule_based_temporal_rag
2023-06-21,2023-03-22,bull,bull,1.0,5,rule_based_temporal_rag
2023-06-28,2023-03-29,bull,bull,1.0,5,rule_based_temporal_rag
2023-07-06,2023-04-05,bull,bull,1.0,5,rule_based_temporal_rag
2023-07-13,2023-04-13,bull,bull,0.8,5,rule_based_temporal_rag
2023-07-20,2023-04-20,bull,bull,1.0,5,rule_based_temporal_rag
2023-07-27,2023-04-27,bull,bull,1.0,5,rule_based_temporal_rag
2023-08-03,2023-05-04,bull,bull,0.8,5,rule_based_temporal_rag
2023-08-10,2023-05-11,bull,bull,0.8,5,rule_based_temporal_rag
2023-08-17,2023-05-18,bull,bull,0.8,5,rule_based_temporal_rag
2023-08-24,2023-05-25,bull,bull,1.0,5,rule_based_temporal_rag
2023-08-31,2023-06-02,bull,bull,0.8,5,rule_based_temporal_rag
2023-09-08,2023-06-09,bull,bull,0.8,5,rule_based_temporal_rag
2023-09-15,2023-06-16,bull,bull,1.0,5,rule_based_temporal_rag
2023-09-22,2023-06-26,bull,bull,1.0,5,rule_based_temporal_rag
2023-09-29,2023-07-03,bull,bull,1.0,5,rule_based_temporal_rag
2023-10-06,2023-07-11,bull,bull,1.0,5,rule_based_temporal_rag
2023-10-13,2023-07-18,bull,bull,1.0,5,rule_based_temporal_rag
2023-10-20,2023-07-25,bull,bull,1.0,5,rule_based_temporal_rag
2023-10-27,2023-08-01,bull,bull,0.8,5,rule_based_temporal_rag
2023-11-03,2023-08-08,bull,bull,1.0,5,rule_based_temporal_rag
2023-11-10,2023-08-15,bull,bull,1.0,5,rule_based_temporal_rag
2023-11-17,2023-08-22,bull,bull,1.0,5,rule_based_temporal_rag
2023-11-27,2023-08-29,bull,bull,1.0,5,rule_based_temporal_rag
2023-12-04,2023-09-06,bull,bull,1.0,5,rule_based_temporal_rag
2023-12-11,2023-09-13,bull,bull,1.0,5,rule_based_temporal_rag
2023-12-18,2023-09-20,bull,bull,0.8,5,rule_based_temporal_rag
2023-12-26,2023-09-27,bull,bull,1.0,5,rule_based_temporal_rag
2024-01-03,2023-10-04,bull,bull,0.8,5,rule_based_temporal_rag
2024-01-10,2023-10-11,bull,bull,0.8,5,rule_based_temporal_rag
2024-01-18,2023-10-18,bull,bull,1.0,5,rule_based_temporal_rag
2024-01-25,2023-10-25,bull,bull,1.0,5,rule_based_temporal_rag
2024-02-01,2023-11-01,bull,bull,1.0,5,rule_based_temporal_rag
2024-02-08,2023-11-08,bull,bull,1.0,5,rule_based_temporal_rag
2024-02-15,2023-11-15,bull,bull,1.0,5,rule_based_temporal_rag
2024-02-23,2023-11-22,bull,bull,1.0,5,rule_based_temporal_rag
2024-03-01,2023-11-30,bull,bull,1.0,5,rule_based_temporal_rag
2024-03-08,2023-12-07,bull,bull,1.0,5,rule_based_temporal_rag
2024-03-15,2023-12-14,bull,bull,1.0,5,rule_based_temporal_rag
2024-03-22,2023-12-21,bull,bull,1.0,5,rule_based_temporal_rag
2024-04-01,2023-12-29,bull,bull,1.0,5,rule_based_temporal_rag
2024-04-08,2024-01-08,bull,bull,1.0,5,rule_based_temporal_rag
2024-04-15,2024-01-16,bull,bull,1.0,5,rule_based_temporal_rag
2024-04-22,2024-01-23,bull,bull,1.0,5,rule_based_temporal_rag
2024-04-29,2024-01-30,bull,bull,1.0,5,rule_based_temporal_rag
2024-05-06,2024-02-06,bull,bull,1.0,5,rule_based_temporal_rag
2024-05-13,2024-02-13,bull,bull,1.0,5,rule_based_temporal_rag
2024-05-20,2024-02-21,bull,bull,1.0,5,rule_based_temporal_rag
2024-05-28,2024-02-28,bull,bull,1.0,5,rule_based_temporal_rag
2024-06-04,2024-03-06,bull,bull,1.0,5,rule_based_temporal_rag
2024-06-11,2024-03-13,bull,bull,1.0,5,rule_based_temporal_rag
2024-06-18,2024-03-20,bull,bull,1.0,5,rule_based_temporal_rag
2024-06-26,2024-03-27,bull,bull,0.8,5,rule_based_temporal_rag
2024-07-03,2024-04-04,bull,bull,1.0,5,rule_based_temporal_rag
2024-07-11,2024-04-11,bull,bull,0.8,5,rule_based_temporal_rag
2024-07-18,2024-04-18,bull,bull,1.0,5,rule_based_temporal_rag
2024-07-25,2024-04-25,bull,bull,1.0,5,rule_based_temporal_rag
2024-08-01,2024-05-02,bull,bull,1.0,5,rule_based_temporal_rag
2024-08-08,2024-05-09,bull,bull,1.0,5,rule_based_temporal_rag
2024-08-15,2024-05-16,bull,bull,1.0,5,rule_based_temporal_rag
2024-08-22,2024-05-23,bull,bull,1.0,5,rule_based_temporal_rag
2024-08-29,2024-05-31,bull,bull,1.0,5,rule_based_temporal_rag
2024-09-06,2024-06-07,bull,bull,1.0,5,rule_based_temporal_rag
2024-09-13,2024-06-14,bull,bull,1.0,5,rule_based_temporal_rag
2024-09-20,2024-06-24,bull,bull,1.0,5,rule_based_temporal_rag
2024-09-27,2024-07-01,bull,bull,1.0,5,rule_based_temporal_rag
2024-10-04,2024-07-09,bull,bull,1.0,5,rule_based_temporal_rag
2024-10-11,2024-07-16,bull,bull,0.8,5,rule_based_temporal_rag
2024-10-18,2024-07-23,bull,bull,1.0,5,rule_based_temporal_rag
2024-10-25,2024-07-30,bull,bull,1.0,5,rule_based_temporal_rag
2024-11-01,2024-08-06,bull,bull,1.0,5,rule_based_temporal_rag
2024-11-08,2024-08-13,bull,bull,0.8,5,rule_based_temporal_rag
2024-11-15,2024-08-20,bull,bull,1.0,5,rule_based_temporal_rag
2024-11-22,2024-08-27,bull,bull,1.0,5,rule_based_temporal_rag
2024-12-02,2024-09-04,bull,bull,1.0,5,rule_based_temporal_rag
2024-12-09,2024-09-11,bull,bull,1.0,5,rule_based_temporal_rag
2024-12-16,2024-09-18,bull,bull,1.0,5,rule_based_temporal_rag
2024-12-23,2024-09-25,bull,bull,0.8,5,rule_based_temporal_rag
2024-12-31,2024-10-02,bull,bull,1.0,5,rule_based_temporal_rag
2025-01-08,2024-10-09,bull,bull,0.8,5,rule_based_temporal_rag
2025-01-16,2024-10-16,bull,bull,1.0,5,rule_based_temporal_rag
2025-01-24,2024-10-23,bull,bull,1.0,5,rule_based_temporal_rag
2025-01-31,2024-10-30,bull,bull,0.8,5,rule_based_temporal_rag
2025-02-07,2024-11-06,bull,bull,1.0,5,rule_based_temporal_rag
2025-02-14,2024-11-13,bull,bull,0.8,5,rule_based_temporal_rag
2025-02-24,2024-11-20,bull,bull,1.0,5,rule_based_temporal_rag
2025-03-03,2024-11-27,bull,bull,1.0,5,rule_based_temporal_rag
2025-03-10,2024-12-05,bull,bull,1.0,5,rule_based_temporal_rag
2025-03-17,2024-12-12,bull,bull,1.0,5,rule_based_temporal_rag
2025-03-24,2024-12-19,bull,bull,1.0,5,rule_based_temporal_rag
2025-03-31,2024-12-27,bull,bull,1.0,5,rule_based_temporal_rag
2025-04-07,2025-01-06,high_vol,bull,1.0,5,rule_based_temporal_rag
2025-04-14,2025-01-14,high_vol,bull,1.0,5,rule_based_temporal_rag
2025-04-22,2025-01-22,high_vol,bull,0.8,5,rule_based_temporal_rag
2025-04-29,2025-01-29,bull,bull,1.0,5,rule_based_temporal_rag
2025-05-06,2025-02-05,bull,bull,1.0,5,rule_based_temporal_rag
2025-05-13,2025-02-12,bull,bull,1.0,5,rule_based_temporal_rag
2025-05-20,2025-02-20,bull,bull,1.0,5,rule_based_temporal_rag
2025-05-28,2025-02-27,bull,bull,1.0,5,rule_based_temporal_rag
2025-06-04,2025-03-06,bull,bull,1.0,5,rule_based_temporal_rag
2025-06-11,2025-03-13,bull,bull,1.0,5,rule_based_temporal_rag
2025-06-18,2025-03-20,bull,bull,1.0,5,rule_based_temporal_rag
2025-06-26,2025-03-27,bull,bull,1.0,5,rule_based_temporal_rag
2025-07-03,2025-04-03,bull,bull,1.0,5,rule_based_temporal_rag
2025-07-11,2025-04-10,bull,bull,0.8,5,rule_based_temporal_rag
2025-07-18,2025-04-17,bull,bull,1.0,5,rule_based_temporal_rag
2025-07-25,2025-04-25,bull,bull,0.8,5,rule_based_temporal_rag
2025-08-01,2025-05-02,bull,bull,1.0,5,rule_based_temporal_rag
2025-08-08,2025-05-09,bull,bull,1.0,5,rule_based_temporal_rag
2025-08-15,2025-05-16,bull,bull,1.0,5,rule_based_temporal_rag
2025-08-22,2025-05-23,bull,bull,1.0,5,rule_based_temporal_rag
2025-08-29,2025-06-02,bull,bull,1.0,5,rule_based_temporal_rag
2025-09-08,2025-06-09,bull,bull,0.8,5,rule_based_temporal_rag
2025-09-15,2025-06-16,bull,bull,0.8,5,rule_based_temporal_rag
2025-09-22,2025-06-24,bull,bull,1.0,5,rule_based_temporal_rag
2025-09-29,2025-07-01,bull,bull,1.0,5,rule_based_temporal_rag
2025-10-06,2025-07-09,bull,bull,1.0,5,rule_based_temporal_rag
2025-10-13,2025-07-16,bull,bull,1.0,5,rule_based_temporal_rag
2025-10-20,2025-07-23,bull,bull,1.0,5,rule_based_temporal_rag
2025-10-27,2025-07-30,bull,bull,0.8,5,rule_based_temporal_rag
2025-11-03,2025-08-06,bull,bull,1.0,5,rule_based_temporal_rag
2025-11-10,2025-08-13,bull,bull,1.0,5,rule_based_temporal_rag
2025-11-17,2025-08-20,bull,bull,1.0,5,rule_based_temporal_rag
2025-11-24,2025-08-27,bull,bull,1.0,5,rule_based_temporal_rag
2025-12-02,2025-09-04,bull,bull,1.0,5,rule_based_temporal_rag
2025-12-09,2025-09-11,bull,bull,1.0,5,rule_based_temporal_rag
2025-12-16,2025-09-18,bull,bull,0.8,5,rule_based_temporal_rag
2025-12-23,2025-09-25,bull,bull,1.0,5,rule_based_temporal_rag
